Un.,Código,Descrição
KG,120054,"CHAPA GQ 5/8 (15,8) 1010"
KG,120924,"CHAPA FQ #12 (1,20 x 3,80m) 1010"
KG,134062NAC,TUBO RETANGULAR 100 X 50 X 3.75 X 6300 mm
KG,134172,"TUBO SCHEDULLE 80 - 1"" S/C"
KG,134892,"TUBO SCHEDULLE 80 - 3.1/2"""
Un,240462,CAPS DE VINIL DMPC 0740-1A
Un,025782,MANCAL DO CILINDRO - CBH 8T
Un,032233,PINO DE ARTICULAÇÃO [CBH/CBHM-1E]
KG,112203,"ACO TREF. RED. SAE-1020 - 1/2"""
KG,120157,"CHAPA GQ 3/8 (9,53) 1010"
KG,120200,"CHAPA GQ 1/4 (1,20 x 4,05m) 1010"
KG,120273,"CHAPA FQ 3,75mm. SAE-1006"
KG,120303,"CHAPA FQ 3/16 (1,20 x 6,00m) 1010"
Un,481040,SUSPIRO TANQUE
Un,023322,APOIO DA MANGUEIRA CBHM 2 EIXOS
KG,112525,"ACO TREF. RED. SAE-1020 - 5/8"""
KG,113050,"ACO TREF. RED. SAE-1020 - 1.1/2"""
Un,116613,COMP. NAVAL SOMASSOALHO 1890X 450 X 20MM
Un,116615,COMP. NAVAL SOMASSOALHO 3870 X 450 X 20MM
Un,116617,COMP. NAVAL SOMASSOALHO 3890 X 1795 X 20MM
KG,120277,"CHAPA FQ #14 (1,50 x 4,00m) 1010"
KG,120306,"CHAPA FQ #12 (1,50 x 3,00m) 1010"
KG,120650,"CHAPA GQ 5/16(7,94) 1010"
KG,126202,"AÇO CHATO LAM 1/2 X 3"" SAE-1020"
KG,134063NAC,TUBO RETANGULAR 100 X 80 X 4.75
Un,200391,KIT BOMBA MULTI-FLEX SEMI-COMPLETO (SEM GAIOLA)
Un,209911,ENGATE RÁPIDO C2 COM ESCAMA 050030005
Un,212028,"ARRUELA LISA 7/8"""
Un,212091,"ARRUELA LISA 3/8"" ZB CHAPA 1,5MM"
Un,212093,"ARRUELA LISA 3/4"" CHAPA 3,75MM"
Un,212095,"ARRUELA LISA 1"" CH 3/16"""
Un,212350,"ARR. DE PRES. MÉDIA - ZB 5/16"""
Un,212600,"ARR. DE PRES. MÉDIA - ZB 3/8"""
Un,213355,"COTOVELO 90° FG 2"""
Un,213356,"ADAPTADOR SIMPLES RANHURA DUPLA 2"""
Un,213602,ABRACADEIRA P/ MANGOTE MS 5462
Un,214104,RODA 6 FUROS RS (PARAF. 1/2)
Un,214105,RODA 6 FUROS RD (PARAF. 5/8)
Un,214108,RODA 6 FUROS TANDEM (PARAF. 5/8)
Un,218455,"CAMARA AR 750X16 (16"" L430)"
Un,222058,"GRAMPO 1/2""x55x155-B P/ FXS."
Un,222217,"PINO TRAVA BUSSAL 3/8 X 2.1/4"" C/ARGOLA"
Un,222401,"CUBO RODA F. FUND. NOD. GGG-50"" F6"
Un,222859,CONTRA PINO 3/16 X 3
Un,234205,GRAXEIRO 1/4 UNF RETO
Un,238406,MOLA - COMPL GUIA DO ÊMBOLO - CARR MELÃO 025086
Un,240084,TEE C/PORCA ANILHA 3/4 16F UNF
Un,240217,"MANG A/P SAE-100 3/8"" x 1400mm TERM. RETO/RETO JIC 3/4"""
Un,240229,"MANG A/P SAE-100 3/8"" x 400mm TERM. RETO/RETO JIC 3/4"""
Un,240233,"MANG A/P SAE-100 3/8"" X 400 TERM. 90° JIC 3/4""FEMEA X RETO JIC 3/4"" UNF FEMEA"
Un,240234,"MANG A/P SAE-100 3/8"" X 2800 C/ TERM. RETO JIC 3/4"" UNF FEMEA"
M,240235,"MANG DE SUCÇÃO AZUL 2"""
Un,240471,CILINDRO TELESCÓPICO CBH 6T 10 OC NV
Un,240474,CIL. COMPL. CBHM/CBH CÓD.4403-01
Un,240485,CIL. COMPL. CBHM / 6000 CÓD.4403-03
Un,255452,PARAF RODA 5/8-18Fx2.3/32 - 216R
Un,255464,"PARAF RODA 1/2 X 1.3/4"" CF. DES."
Un,256328,PARAF FRANC 5/16X1.1/2 C/PO.SX.
Un,258003,PARAF SEX 3/8 X 1.1/4 UNC ZB
Un,258090,PARAF SEX 5/16X 3/4 UNC ZB
Un,258155,PARAF SEX 1/2 X 3.1/2 UNC ZB
Un,258234,PARAF SEX 3/4 X 2 UNC ZB
Un,258416,PARAF SEX 5/16X 1.1/4 UNC
Un,258570,PARAF SEX 3/8 X 2 UNC
Un,258820,"PARAF SEX 1/2"" X 4.1/2"" 8.8 UNF"
Un,260101,PARAF SEX 1/2 X 1.1/2 UNC ZB
Un,260400,PARAF SEX 5/8 X 1.3/4 8.8UNF ZB
Un,260826,BUCHA FLUTUANTE PARA FEIXE DE MOLAS
Un,268150,PNEU 7.50-16 IMPL (16TT 10PR RA45)
Un,272401,"PORCA CAST. DE 1"" UNS-14 FIOS ZB"
Un,272504,PORCA CAST 1.1/2 S/COROA - UNC ZB
Un,273405,"PORCA CÔN. 1/2"" UNF - CH-13/16"" ZB"
Un,273600,"PORCA CON. 5/8"" UNF CH-1.1/16"" ZB"
Un,274124,PORCA SEX 1/2 UNC ZB
Un,274252,"PORCA SEX 5/16"" UNC ZB"
Un,274288,"PORCA SEX 5/8"" UNF ZB"
Un,288986,ROLAMENTO 30207 SPZ/ZWZ/GBR/1ª L
Un,289024,ROLAMENTO 30208 SPZ/ZWZ/GBR/1ª L
Un,289206,ROLAMENTO 30210 SPZ/ZWZ/GBR/1ª L
Un,292023,"LUVA SIMPLES GALV 2"" BSP"
Un,292254,"VALVULA DE GAVETA 2"""
Un,298876,"MACHO ENG RÁPIDO DE 1/2"" C/PROTETOR"
L,313131,ESM. PU ACRILICO LARANJA
L,313133,ESM. PU ACRILICO VERMELHO
KG,318417,TINTA PÓ 26 R LI CINZA FUMAÇA EMA 022 167
KG,318418,TINTA PÓ 27 W VERMELHA W81400 CÓD. WEG 10005853
Un,443785,PINO ENG C/ARRUELA ICAM (M98) FA
Un,032232,PINO DO BRACO - TANDEM CBH/CBHM M20
KG,112501,"ACO TREF. RED. SAE-1020 - 5/16"""
KG,120250,"CHAPA #11(3,04) A36/CIVIL300"
KG,120255,"CHAPA FQ #13 (1,20 x 3,51m) 1010"
KG,120267,"CHAPA FQ #14 (1,20 x 3,50m) 1010"
KG,120548,"CHAPA FQ #12 (1,50 x 4,00m) 1010"
Un,212092,"ARRUELA LISA 1/2"" CHAPA 1/8"" ZB OU ZA"
Un,222057,"GRAMPO 1/2""x55x110-B P/ FXS."
KG,226105,CORRENTE ELO 3/16 F. POLIDO
Un,260265,PARAF SEX 1/2 X 1.1/4 8.8UNC ZB
Un,260484,PARAF SEX 1/2 X 1.1/4 UNC
Un,260836,PARAF SEX 1/2 X 2.1/4 8.8UNC ZB
Un,262728,"RODA ARO K 5 X 14"" - 6 FUROS"
Un,274203,"PORCA SEX 3/4"" UNC ZB"
Un,284282,RETENTOR REF 00793 BA (AR-5006)
Un,486553,PINO DA TAMPA TRAS/ROLD CBH/CBHM
Un,490430,PINO MENOR CILINDRO - ACESS CBHM
Un,496996,PINO MAIOR CILINDRO - ACESS CBH
KG,802013,GRAXA LUBRIFICANTE
KG,112434,"ACO TREF. RED. SAE-1020 - 3/4"""
KG,112458,"ACO TREF. RED. SAE-1020 - 3/8"""
KG,120133,"CHAPA FQ #14 (1,20 x 5,60m) 1010"
KG,126901,AÇO CHATO LAM 3/4 X 3 SAE-1020
KG,134017NAC,TUBO RETANGULAR 150 X 100 X 6.35 X 6000
KG,134055NAC,TUBO QUADRADO 120 X 120 X 8.00
KG,134157,TUBO MECANICO 50 X 32 ST-52
KG,134170,"TUBO SCHEDULLE 80 - 1.1/2"""
Un,212507,"ARR. DE PRES. MÉDIA - ZB 1/4"""
Un,222150,CONTRA PINO 1/4 X 2.1/2
Un,222356,"GRAMPO R 4,5 X 80 ZB"
Un,238405,MOLA DA TRAVA DA CBHM
Un,240634,MACACO MOD. RAL-611 (CBHs)
Un,257645,"PARAF ALLEN 1/4 X 2"" NC C/CAB."
Un,274033,"PORCA CAST. DE 7/8"" UNF ZB"
Un,274409,"PORCA SEX 1/4"" UNC ZB"
L,313136,ESM. PU ACRILICO VERDE
Un,428437,CORRENTE COMPLEMENTAR CARROC
Un,443426,PINO FEIXE MOLA-ROD U4 P4P2
KG,110012,ACO LAMINADO RED 2.1/2 1045
KG,110358,ACO LAMINADO RED 2 1045
KG,134031NAC,"TUBO QUADRADO 100,00 X 100,00 X 6.3MM"
KG,134132,TUBO MECANICO 32 X 20 ST-52
Un,212258,"ARR. DE PRES. MÉDIA - ZB 3/4"""
Un,222185,"PINO TRAVA C/ ARG. 3/8"" X 2"" - ZA."
Un,292205,"VALVULA DE GAVETA 1.1/2"""
L,313210,CATALISADOR PU 1/1 5058 COMP B
KG,120307,"CHAPA FQ #12 (1,20 x 4,00m) 1010"
KG,120352,"CHAPA GQ 1/2 (12,7) 1010"
KG,134212,TUBO MECANICO 56 X 40 ST-52
Un,240473,TERMINAL MACHO - CIL. CBH's
Un,258532,"PARAF SEX 1/2 X 2 "" UNC ZB"
Un,274306,"PORCA SEX 5/8"" UNC ZB"
KG,350102,ARAME COBREADO MIG 1.2 (ER70S6)
KG,112215,"ACO TREF. RED. SAE-1020 - 1"""
KG,126457,AÇO CHATO LAM 3/8 X 2 SAE-1020
KG,134018NAC,TUBO RETANGULAR 200 X 100 X 4.75
KG,134224,TUBO MECANICO 71 X 43 ST-52
KG,134375,TUBO 1/2 DIN 2440
Un,222326,PINO ELÁSTICO 4 X 26MM
Un,240640,"CIL. COMPL. CBHM/CBH CÓD. 4.1/2"" x 2"" x 335 mm"
Un,258544,"PARAF SEX 1/2 X 3"" UNC ZB"
M,299108,"CABO DE ACO 3/16"" GALV. 6X7 + AF."
L,313134,ESM. PU ACRILICO AMARELO
L,313137,ESM. PU CINZA OPALESCENTE
Un,025656,TRAVA DO GRAMPO DA MOLA - ACESS CARRETAS (NOV13...)
Un,031690,CONJUNTO APOIO DA MANGUEIRA GRADIL - TANQUES
Un,031694,CONJUNTO APOIO DA MANGUEIRA - TANQUES
KG,110541,ACO LAMINADO RED 3/8 1020
KG,120706,"CHAPA FQ #13 (1,20 x 2,40m) 1010"
KG,134144,"TUBO SCHEDULLE 80 - 2"" C/C"
KG,134430,"TUBO SCHEDULLE 40 - 1.1/4"""
KG,134900,"TUBO SCHEDULLE 40 - 3.1/2"""
Un,282005,REBITE DE ALUMINIO 4X6
M,299534,"LONA DE FREIO MOLDADA 1/4X2"""
L,313135,ESM. PU ACRILICO AZUL
KG,318419,TINTA PÓ 26 R LI AZUL CEMAG BR CÓD. WEG CDP 13505
KG,110139,ACO LAMINADO RED 4 1045
KG,110346,ACO LAMINADO RED 2 1020
KG,110784,ACO LAMINADO RED 5.1/2 1045
KG,120253,"CHAPA FQ #13 (1,20 x 5,60m) 1010"
KG,120258,"CHAPA FQ #13 (1.20 x 4,00m) 1010"
KG,120547,BOBINA CHAPA LQ 2.65 X 1500 A36/CIVIL300
KG,134388,"TUBO SCHEDULLE 40 - 3/8"" S/C 6.30 METROS"
Un,212301,"ARR. DE PRES. MÉDIA - ZB 1/2"""
Un,222148,CONTRA PINO 3/16 X 1.1/2
Un,222252,CONTRA PINO 3/16 X 2
Un,284210,RETENTOR REF 1552 BR (AR-5363)
Un,447006,"PORTA CABO - FREIO U4/6 P2/4 A3,5"
KG,120134,"BOBINA CHAPA LQ 2.00 X 1,20 A36/CIVIL300"
Un,212300,"ARRUELA LISA 27MM POL. CHAPA 3/16"""
Un,222416,CILINDRO TEL. CBH 8T 19 OC
Un,232300,"GRAMPO P/ CABO DE ACO 3/16"""
Un,260137,PARAF SEX 5/8 X 2.1/4 UNC
KG,120137,"BOBINA CHAPA LQ 2.00 X 1,50 A36/CIVIL300"
L,326409,VERNIZ SINTÉTICO - TINGIDO
KG,120202,CHAPA 1/4 (6.30 x 2440 x 6000) A36-CIVIL300
Un,200401,"PORCA AUTOTRAVANTE 3/8"" UNC"
Un,213844,"CORREIA ABERTA 2L 1/8"" X 1/16"" - 5000MM X 300MM"
Un,222100,CONTRA PINO 5/32 X 1.1/2
KG,226208,CORRENTE ELO 5/16 F. POLIDO
Un,240551,ADAPT. MACHO JIC 3/4 X 3/8 NPT
Un,240590,"ADAPT. 1/2"" NPTF X 3/4-16-PTT-30°"
Un,256161,"PARAF FRANC 3/8 X 2"""
Un,256808,PARAF FRANC 3/8 X 1
Un,258805,PARAF SEX 1/4 X 2 UNF
Un,266176,PLACA DE IDENT. CEMAG
Un,272152,"PORCA CAST. DE 3/4"" UNF ZB"
Un,274604,"PORCA SEX 3/8"" UNC ZB"
Un,279419,"PORCA DUPLA DE 1/2"" UNF - ZB"
Un,032234,PINO DE ARTICULAÇÃO _ CBH/CBHM 02 EIXOS
KG,110747,AÇO LAMINADO RED 5 1020
KG,112150,"ACO TREF. RED. SAE-1045 - 1"""
KG,126755,"AÇO CHATO LAM 1"" X 3"" SAE-1020"
KG,134020NAC,"TUBO QUADRADO 100 X 100 X 4,75"
Un,222402,"CUBO RODA F. FUND. NOD. GGG-50"" FA4/CBHM"
Un,116611,COMP. NAVAL SOMASSOALHO 3090 X 1795 X 20MM
KG,120031,"CHAPA FQ #14 (1,20 x 6,00m) 1010"
KG,318416,TINTA PÓ 26 LI LARANJA W RAL 2002 BR
Un,444947,PINO ICAMENTO - CX ACESS CAR
Un,025457,PINO DE ARTICULAÇÃO DA CAÇAMBA CBH8
Un,033433,PINO DO IÇAMENTO [CBH12 M22]
Un,033434,PINO DO BALANCIM [EIXO DIANTEIRO - CBH12 M22]
KG,112410,"ACO TREF. RED. SAE-1045 - 3/4"""
KG,112502,"ACO TREF. RED. SAE-1020 - 2"""
KG,124072,ACO LAMINADO QDR 1/2 1020
KG,126615,"AÇO CHATO LAM 3/4 X 2"" SAE-1020"
KG,130552,CANTONEIRA 3/16 X 2 1020
KG,134032,"TUBO QDR 40,00 X 5MM"
Un,240492,FECHO RÁP. P/CARR. LD CÓD.ESP481D
Un,032310,PINO DA BASE DO CILINDRO _ CBHL 6000
KG,126299,"AÇO CHATO LAM 5/16 X 2"" SAE-5160"
Un,200405,"PORCA AUTOTRAVANTE 1/2"" UNC"
Un,212246,"ARR. DE PRES. MÉDIA - ZB 1"""
Un,214114,"RODA R15.5 AG 13"" X 15.5"" 8 FUROS"
Un,218250,CÂMARA FM 15.5 TR15
KG,226108,CORRENTE ELO 3/4 GALV.
Un,246923,TRIANGULO REFLETIVO D
Un,246924,TRIANGULO REFLETIVO E
Un,258179,PARAF SEX 1/2 X 4.1/2 UNC
Un,259410,PARAF SEX 1 X 3 UNC ZB
Un,268502,PNEU 400/60-15.5 SMHF I3 14L S/C
Un,279158,PORCA SEX 1 UNC
Un,444819,PINO GUIA BALANC-CX ACESS FT5
Un,444868,PINO TRASEIRO BALANCIM / ABERTURA LATERAL [CBH/CBHM/F/FA/FTC]
Un,025856,PINO CENTRAL - ACESS (M14) CBH/CBHM 02 EIXOS
KG,120535,"CHAPA FQ #12 (1,50 x 3,80m) 1010"
KG,120705,"CHAPA FQ #13 (1,20 x 6,00m) 1010"
KG,134063,TUBO RETANGULAR 250 X 150 X 6.30
Un,212099,"ARRUELA LISA 1/2"" ZB CHANFRA. # 1/8"""
M,216537,BORRACHA VEDAÇÃO CÓD. 84601-01
Un,222404,"CUBO RODA F. FUND. NOD. GGG-50"" CBHM 6000"
Un,457012,TENSOR CABOS - FREIO CAR
KG,110565,ACO LAMINADO RED 3.1/2 1045
KG,126226,"AÇO CHATO LAM 5/8 X 3"" SAE-1020"
KG,134716,TUBO MECANICO 56 X 28 ST-52
Un,219199,RETENTOR REF 01549-BRA (ARCA/SABÓ)
Un,222151,CONTRA PINO 1/4 X 3.1/2
Un,222411,CUBO P/ DIST. CALCÁRIO C/ PARAF. E PORCAS
Un,255454,"PARAF RODA MB (1.50) 10.9 22X89 ESPIRAL MBB CÓD. 812371 (7/8""X2.1/2"" UNF)"
Un,257139,PARAF. ALLEN C/CAB. MA 6 X 20
Un,258829,PARAF SEX 1/4 X 3/4 UNF
Un,272403,"PORCA AC SX OSC C32/AA29 M22X1,50 CL10 CÓD. 79415 (7/8"" UNF)"
Un,289269,ROLAMENTO REF. 32214 1º LINHA
Un,274355,PORCA SEX 1/4 UNF
KG,134066,TUBO RET 50 X 30 X 2.00MM TAM. 5 METROS
Un,258192,PARAF SEX 3/4 X 2 8.8 UNF ZB
Un,260988,PARAF SEX 5/8 X 1.3/4 UNC ZB
Un,275098,"PORCA A/T. NY 3/4"" ALTA UNF-ZB"
KG,120546,"CHAPA FQ #12 (1,50 x 6,00m) 1010"
Un,212097,"ARRUELA LISA 5/8"" GALV # 1/8"""
Un,412168,ARRUELA ENCOSTO - ICAM U6T
KG,110322,ACO LAMINADO RED 1.3/4 1020
KG,110980,ACO LAMINADO RED 1.3/4 1045
KG,112306,"ACO TREF. RED. SAE-1045 - 1.1/4"""
KG,112307,"ACO TREF. RED. SAE-1020 - 1.1/4"""
KG,112855,"AÇO QDR. INOX 304 DE 1.1/2"""
KG,112896,"ACO RED INOX 304 DE 2"""
KG,113049,"ACO TREF. RED. SAE-1045 - 1.1/2"""
KG,124152,AÇO TREFILADO QDR 5/16 1045
KG,126329,AÇO CHATO LAM 5/8 X 1.1/2 SAE-1020
KG,126706,AÇO CHATO LAM 5/8 X 2.1/2 SAE-1020
Un,214113,"ARO AG 15.5"" DC13"" X 15.5"" OFFSET49,4MM"
Un,240461,"ADAPTADOR 3/4""-16 PTT-30°"
Un,240493,FECHO RÁP. P/CARR. LE CÓD.ESP481E
Un,240642,GANCHO MENOR P/ F.RÁPIDO CÓD.FT 0040-C
KG,120121,"CHAPA FF #18 (1,21) 1010"
Un,116612,COMP. NAVAL SOMASSOALHO 3070 X 450 X 20MM
Un,222405,"CUBO RODA F. FUND. NOD. GGG-50"" F4/FA2"
Un,260629,PARAF SEX 5/8 X1.1/2 8.8 NC ZB
Un,439721,PINO TRAS - BAL TANDEM FA4/6
Un,450133,PINO TRAS. BALANCIM UVA
Un,116621,COMP. NAVAL SOMASSOALHO 3930 X 327 X 20MM
KG,120203,"BOBINA CHAPA LQ 6.30 X 1,20 1008/1010"
KG,120278,"BOBINA CHAPA LQ 3.75 X 1,20 A36/CIVIL300"
KG,120545,BOBINA CHAPA LQ 3.00 X 1500 A36/CIVIL300
KG,134030,TUBO MEC STAND 101.60 X 6.30
Un,258210,PARAF SEX 3/4 X 1.1/2 UNC ZB
KG,120549,BOBINA CHAPA LQ 2.65 X 1200 A36/CIVIL300
Un,256020,PARAF FRANC 1/2 X 1.1/2 GALV
Un,262729,"ARO 14 x 5"""
Un,028844,PINO DA TAMPA TRASEIRA [CBH]
KG,120136,"BOBINA CHAPA LQ 2.25 X 1,20 A36/CIVIL300"
KG,120305,"BOBINA CHAPA LQ 4.75 X 1,20 A36/CIVIL300"
KG,134060,TUBO RET 50 X 30 X 2.00MM TAM. 6 METROS
KG,134789,TUBO MECANICO 131 X 105 ST-52
KG,318420,TINTA PÓ 26 LI AMAR CEMAG BR CÓD. WEG 13215960
KG,134625,TUBO MECANICO 40 X 20 ST-52
Un,282169,REBITE DE ALUMINIO 6X12
Un,299018,CARDAN REF. CC-5000/4P COM EMBREAGEM
KG,134223,TUBO MECANICO 71 X 54 ST-52
Un,212404,"ARR. DE PRES. MÉDIA - ZB 5/8"""
Un,260334,"PARAFUSO SEXTAVADO 3/4"" X 5"" ROSCA PARCIAL UNC ZB"
Un,292026,"TEE DE REDUÇÃO 3.1/2"" PARA 2"" SCHEDULE 40"
Un,298336,"CURVA 90º SCH-40 3.1/2"" (EXT 101,6MM X 5,7MM ESP)"
Un,298338,"CURVA 90º SCH-40 2"" (EXT 60,3MM X 3,9MM ESP)"
Un,240643,"CILINDRO 2 ESTAGIO 57,15 MM BASC. LATERAL"
L,300041,PRIMER EPOXI 1202 COMP. A+B
Un,025472,PINO DO CILINDRO CBH8
KG,134133,TUBO MECANICO 32 X 16 ST-52
Un,284245,RETENTOR REF 00517 BR (AR-5346)
Un,240494,GANCHO C/ REBAIXO P/ F.RÁPIDO CÓD.ESP482
Un,026332,"CORRENTE COM GANCHO CARROCERIA METALICA S4,0/G4,0"
Un,026333,"CORRENTE SEM GANCHO CARROCERIA METALICA S4,0/G4,0"
KG,134128,TUBO MECANICO 87 X 61 ST-52
Un,026416PERF.,CORPO DA TRAVA CBH/CBHM 4/6 CÓD.026416
Un,030694,ALAVANCA DE FREIO - CHASSI SC CBH/CBHM 4T M17
Un,031752,PINO DO BRACO DO EIXO BALANCIM - TANDEM CBH/CBHM M20
Un,033138,ESGUICHO [FTD5000/FT10500/12500 M22]
KG,120110,"CHAPA A.DERR. 3,00mm. 1010"
Un,200242,"VALVULA ESFERICA MONOBLOCO 2"" BSP"
Un,200951,CANHÃO MONITOR C/ ESGUICHO MANUAL 1.1/2'
Un,200953,"BOMBA LOBULAR 4"" BL4001"
Un,201294,"VÁLVULA CEBOLA 4"" FUNDO DE POÇO - VPC4"
Un,209906,ADAPTADOR ESCAMA X ROSCA 4 X 4 - AER4X4
Un,209909,"ASPERSOR ESG. TIPO BICO DE PATO 2"" - AEBP2"
Un,209910,"ADAPT. ENGATE FEMEA 4"" x ROSCA EXT 4"" BSP REF. 050920008(EFE-B4)"
Un,209912,"ADAPT. ENGATE RÁPIDO MACHO 4"" x ESCAMA 4"" - REF. EMS-E4"
Un,209915,"ADAPTADOR ENGATE MACHO COM ESCAMA 2"""
Un,209916,"ADAPTADOR ENGATE FEMEA 2"" X ROSCA INTERNA 1.1/2"" BSP"
Un,212098,"ARRUELA LISA 1/4"" GALV"
Un,213604,"ABRACADEIRA P/ MANGOTE MS 105/117MM 4"""
Un,213609,"ABRACADEIRA MSA 117/129 5"""
M,224399,"PERFIL 15,00 X 30,00 ESP ER0033"
Un,234697,"ANEL SMS 4"" C/ RESSALTO - NBR"
M,240236,"MANG DE SUCÇÃO AZUL 4"""
M,240238,"MANG OLEO FLEX 4"""
Un,256978,"REGISTRO ESFERA 3/4"""
Un,257358,"PARAF ALLEN S/CAB 3/8 X 2"" UNC"
Un,258374,PARAF SEX 3/8 X 3.1/2 UNC
Un,260071,PARAF SEX 5/8 X 2 UNC ZB
Un,292025,"CURVA GALV. MACHO X FÊMEA 90º 2"""
Un,292968,"VALVULA DE ALIVIO C/ DISCO MET 2"""
Un,299714,CARDAN REF. 2001/2P B20B20-1300
KG,134016,"TUBO QDR 70,00 X 4,75"
Un,289220,ROLAMENTO 33210 SPZ/ZWZ/GBR/1ª L
Un,256596,"PARAFUSO FRANCES 1/4"" X 1"" UNC"
L,313122,DILUENTE P/ POLIURETANO CÓD. 21000118
Un,116659,MAD TABUA 2.0X15.0X200.0
Un,238260,MOLA TRAVA IÇAM. FA/FP/C
Un,443438,PINO CENTRO-5 RODA U6U4
KG,112355,"ACO TREF. RED. SAE-1045 - 1.3/4"""
KG,126214,AÇO CHATO LAM 1/2 X 3.1/2 1020
KG,134019NAC,TUBO RETANGULAR 200 X 100 X 6.35
KG,134387,"TUBO SCHEDULLE 40 - 3/8"" S/C 5 METROS"
M2,497820,"MANTA FILMA POLIET. 2mm. X 1,20 MT."
Un,025401PERF.,SUPORTE DO CILINDRO - CHASSI DA CAÇAMBA CBH (M13) 8T CÓD.025401
Un,258556,PARAF SEX 5/8 X 1.1/2 UNC
Un,292027,"TEE DE REDUÇÃO 3.1/2"" PARA 2.1/2"" SCHEDULE 40"
Un,298339,"CURVA 90º SCH-40 2.1/2"""
Un,025543,BUCHA DE DESGASTE - CBH 8T
KG,134107,"TUBO SCHEDULLE 80 - 4"""
Un,212096,"ARRUELA LISA ZB 5/16"" EXP. 1,5 MM"
L,313132,REDUTOR PARA PU
Un,221193,"LUVA DE UNIAO GALV. DE 2"""
KG,134183,"TUBO 4"" DIN 2440"
Un,350991,SILICONE ULTRA 598 BLACK 70GR
Un,116618,COMP. NAVAL SOMASSOALHO 1890 X 600 X 20MM
Un,116630,COMP. NAVAL FILM 2L 3870 X 600 X 20MM
Un,200950,"CANHÃO DIFUSOR 2.1/2"""
Un,210658,"VÁLVULA ESFERA TRIPARTIDA RED. BSP 2.1/2"""
Un,210659,"VÁLVULA ESFERA MONOBLOCO BSP 3"""
Un,213605,"ABRACADEIRA P/ MANGOTE 79/87 MM 3"""
Un,222190,GRAMPO JOANINHA METALC REF. SP011
M,240237,"MANG DE SUCÇÃO AZUL 3"""
Un,258181,PARAF SEX 1 X 3.1/2 UNS
Un,260630,PARAF SEX 1 X 3.1/2 UNC ZB
KG,120900,"CHAPA FF #20 (0,91) 1010"
Un,496832,TUBO ESC 2 GALV TANQUE
Un,533701,FITA TEFLON 3/4 x 50 Mts
Un,222197,CONTRA PINO 1/8 X 1
KG,134855,TUBO 1 DIN 2440
KG,130631,CANTONEIRA 1/4 X 3 1020
KG,134012,TUBO RETANGULAR 150 X 100 X 6.35 X 5000
KG,134057NAC,TUBO QUADRADO 200 X 200 X 4.75
KG,134123,TUBO MECANICO 106 X 82 ST-52
KG,134127,TUBO MECANICO 175 X 126 ST-52
M,117112,TARUGO NYLON RED. DE 35mm.
Un,240635,KIT DE REPARO (VEDAÇÕES+GUIAS+GAXETAS) CIL TELESC CBH 6T 10 OC
Un,288603,ROLAMENTO 30206 SPZ/ZWZ/GBR/1ªL
Un,402795,CINTA LONADA EIXO TRAS F4CC
Un,497101,CINTA FREIO - EIXO TRAS F4CC
Un,289231,ROLAMENTO 32207 SPZ/ZWZ/GBR/1ª L
Un,257086,"PARAF ALLEN C/ CAB 1/4 X 5/8"" UNF (NÃO USAR, SUBSTITUÍDO.)"
KG,318421,TINTA PÓ 26 LI VERDE W 51601 BR
Un,292242,"TAMPAO PVC 2"""
Un,240491,MACACO MOD. RAL-329 DIST. CALCÁRIO
Un,900034,PRISIONEIRO [CBHL6000 MP]
Un,900036,COMPLEMENTO INFERIOR ABA LATERAL [CBHL6000 MP]
Un,900037,COMPLEMENTO ABA LATERAL [CBHL6000 MP]
Un,240654,KIT REPARO CIL. COMPL. CBHM/CBH CÓD.4403-01 (240474) COMP. A
Un,240655,KIT REPARO CIL. COMPL. CBHM/CBH CÓD.4403-01 (240474) COMP. B
L,318428,DILUENTE 400 P/ PU
KG,134491,"TUBO SCHEDULLE 40 - 2.1/2"""
Un,213848,"CORREIA ABERTA 2L 1/8"" X 1/16"" - 3470MM X 300MM"
Un,256146,PARAFUSO FRANCES 3/8 X 1.1/2 UNC
Un,116629,COMP. NAVAL FILM 2L 3070 X 600 X 20MM
KG,120509,"CHAPA GQ 3/4 (19,0) 1010"
L,318504,ESM. SINT. VERDE J. DEERE
Un,214107,RODA 6 FUROS ARO 13 RB-2721/13502S
Un,034583,ROLO MOTOR [MCF M23]
KG,120204,BOBINA CHAPA 3.35 x 1350 LN 500
Un,289218,ROLAMENTO REF 51104 - 2ª. LINHA
KG,134339,TUBO MECANICO 63 X 33 ST-52
Un,258910,PARAF SEX 3/4 X 3 UNC ZB
KG,497885,FITA MET.P/EMB. - 1mm X 1''
KG,314626,ELETRODO 1/8 E 7018
Un,222264,PINO DE PRESSAO 6 X32
Un,240485IMP,CIL. COMPL. CBHM / 6000 6TON
KG,497897,"SELO DE AÇO POLIDO TR 25X60X0,90"
Un,443360,PINO ALAV/COMANDO - FREIO CAR
Un,496819,TUBO ESC 1.1/2 GALV TANQUE
Un,259883,"PARAF SEX 5/8 X 2.1/2"" UNF G-8 (10.9) ZB"
Un,034576,PINO INFERIOR HASTE DE FIXAÇÃO [MCF M23]
Un,034577,PINO SUPERIOR HASTE DE FIXAÇÃO [MCF M23]
Un,034589,EIXO [ROLO MOVIDO - MCF M23]
Un,034655,ESBARRO DE FECHAMENTO DAS ESTEIRAS [MCF M23]
Un,034656,PINO DA DOBRADIÇA [MCF M23]
Un,034704,PINO DA DOBRADIÇA DO CILINDRO [MCF M23]
Un,034706,PINO INFERIOR DA ARTICULAÇÃO [MCF M23]
Un,034708,PINO INFERIOR DO CILINDRO MENOR [MCF M23]
Un,034714,PINO SUPERIOR DO CILINDRO DO CHASSI [MCF16 M23]
Un,034716,PINO DE ARTICULAÇÃO DO CHASSI [MCF M23]
Un,034717,PINO CENTRAL DA ARTICULAÇÃO [MCF 23]
Un,034813,PINO SUPERIOR TRAS. ESQ. DO CILINDRO DO CHASSI [MCF M23]
Un,034815,PINO INFERIOR DO CILINDRO DO CHASSI [MCF M23]
KG,318167,BONDERIT M-FE 564
L,487873,DETER-SOLV 15 (PARA LIMPEZA DE PEÇAS)
Un,200411,DISCO TECNIL 280 X 30MM P/ MÁQ. DE COLHEITA
Un,200412,DISCO TECNIL 150 X 30MM P/ MÁQ. DE COLHEITA
Un,200127,BOIA ELETRICA VT
Un,200128,INDICADOR COMBUSTIVEL VT TUROTEST
Un,034780,PINO SUP. TRAS. ESQ. DO CILINDRO DO CHASSI [MCF M23]
Un,200409,GUIA UHMW EST. MÓVEL 6 X 40 X 3000MM - MÁQ. P/ COLHEITA - PILOTO
Un,200410,GUIA UHMW EST. MÓVEL 6 X 60 X 3000MM - MÁQ. P/ COLHEITA - PILOTO
Un,200413,BOTAO 22MM PLASTICOS S. EMERGENCIA D40M
Un,200414,BOTAO 22MM PLASTICO IMPULSAO 1NA PT
Un,200415,BLOCO DE CONTATO XA2E 1NF ZA2EE102
Un,200416,RELE INTERFACE 12VCC/16A 1NAF CR-P012DC1
Un,200417,BASE P/ LINHA CR-P MODE P/ RELE 1 OU 2NAF
Un,200418,COMUTADOR 22MM PLAST MANOP CURTA 2PO S. 1NA
Un,200419,"PRENSA CABO S-854CI BSP STECK BC 1/2"""
Un,200420,"PRENSA CABO S-854CI BSP STECK BC 1"""
M,200421,CB FLEX 750V SIL 1MM
M,200422,"CB FLEX 750V SIL 1,5MM"
Un,200423,TERM ILHOS TUB 1MM
Un,200424,"TERM ILHOS TUB 1,5MM"
Un,200425,CAIXA VAZIA BOTOE 1 BOTAO 75X75X57 SQ1K
Un,200426,FUSÍVEL VIDRO 3CM 4A
M,200427,CABO CONTROLE 500V FLEX 10 X 1MM
Un,200428,CHAVE SECC 3P TOPO 20A KP0-20-3P
Un,200429,ANILHA MARCAD MILLENIUM MHG2/5 5-6MM
Un,200430,CAIXA P/ MONT S/ EMB STECVK 102X102 SX.111
M,200431,CABO PP 500V SIL 2 X 1MM
Un,201237,QUADRO COMANDO TPA OPACA CCP 30X30X15 OP
Un,213215,CANALETA 30 X 30 HD-2P
M,213366,ELETRODUTO SPIRAFLEX 1/2
Un,213408,CAIXA DE PASSAGEM
Un,222071,FILTRO DE PRESSÃO - HF745-20.203-AS-FG010-LC-B60-OD-B-XA-H-F3 (KHP53020)
Un,222105,VALVULA CONTRA BALANCO DUPLA- ATE 60 LITROS ATE 350 BAR ROSCAS 3/4 UNF
Un,222106,KIT SUPORTE MAIS FILTRO DE RETORNO SPIN NOMINAL - PAPEL - 60 L/MIN - ROSCA 1 BSP
Un,222107,VALV. REGUL. DE VAZAO TN12 TUBULACAO W-AB - 1/2 BSP
Un,222108,MOTOR HIDRAULICO ORBITAL OMS 250
Un,222109,FILTRO DE PRESSAO PLF PARA 60 LITROS 10um
Un,222110,VALVULA SELETORA SVV06 - DC12V ROSCAS 3/4 UNF
Un,222111,VALV. DE RETENCAO TN10 - ROSCA 1/2 BSP
Un,222134,COMANDO MONOBLOCO 50 L - 4 EST - ELETRICO DC12V - 4 ESTAGIO MOTOR
Un,222135,COMANDO MONOBLOCO 50 L - 1 EST - SPOOL MOTOR - ACION. ELETRICO DC12V
Un,222194,AMORTECEDOR 130KG BAG MPG7 P/ PRODUTO MCF SS RS M23
Un,222490,HASTE MOBIL HST. 040 / CN. 060 063 070 MM X CURSO 0485 0669 MVT
Un,222491,CABECOTE GUIA C/ VEDACAO GE CN. 063XH.040 073X063X040 TG 07 3063040C MVT
Un,222492,EMBOLO C/ VEDACAO CN.063 063X02 7X050 PIS 063027050 MVT
Un,222493,PORCA AUTO TRAVANTE MÉTRICA ALTA M27 X 2.00 H 29 PLA 27200
Un,222494,TERMINAL ROT COM FUNDO SOLDAVEL FT30/63 IMP CÓD. 5063
Un,222495,TERMINAL ROT ROSCAVEL ROSCA FEMEA M27X2 DIREITA PR32CE IMP
Un,222497,CAMISA MOBIL CN. 063 / HST. 035036 040 045 MM X CURSO 0485 0610 MVT
Un,224576,CORREIA TRANSP. HORIZONTAL C/ TALISCAS U 26.000 X 480mm C/ talisca e borda
Un,224577,CORREIA TRANSP. ELEVATÓRIA C/ TALISCAS RETAS 11.000 X 480mm C/ talisca e borda
Un,239033,"ABRACADEIRA DE 1/2"" PC"
Un,240243,"MANG. A/P 3/8""x1700MM TERM. RETO/90ºJIC 3/4"""
Un,240244,"MANG. A/P 3/8""x 500MM TERM. 90º/90º JIC 3/4"""
Un,240246,"MANG. A/P 3/8""x 700MM TERM. RETO/RETO JIC 3/4"""
Un,240247,"MANG. A/P 3/8""x 800MM TERM. RETO/90º JIC 3/4"""
Un,240248,"MANG. A/P 3/8""x 700MM TERM. RETO/90º JIC 3/4"""
Un,240249,"MANG. A/P 3/8""x 500MM TERM. RETO/90º JIC 3/4"""
Un,240250,"MANG. A/P 3/8""x 700MM TERM. 90º/90º JIC 3/4"""
Un,240252,"MANG. A/P 3/8""x 800MM TERM. RETO/RETO JIC 3/4"""
Un,240255,"MANG. A/P 5/8""x 800MM TERM. RETO/90º JIC 7/8"""
Un,240256,"MANG. A/P 5/8""x 700MM TERM. RETO/RETO JIC 7/8"""
Un,240257,"MANG. A/P 5/8""x 1800MM TERM. RETO/RETO JIC 7/8"""
Un,240259,"MANG. A/P 5/8""x 1400MM TERM. RETO/RETO JIC 7/8"""
Un,240260,UNIÃO MACHO JIC 3/4 X 1/2 BSP
Un,240261,UNIÃO MACHO JIC 3/4 X 1 BSP
Un,240262,ADAPTADOR MACHO JIC 3/4 X 3/8 NPT
Un,240263,UNIAO MACHO JIC 7/8 X 1/2 BSP
Un,240265,"TEE IGUAL JIC 7/8"""
Un,240567,UNIAO MACHO JIC 3/4 X 7/8 UNF ORING
Un,240576,DISJUNTOR B/POLAR 20A
Un,240596,"UNIÃO MACHO JIC 7/8""x7/8"" UNF"
Un,240666,"BORNE CONECTOR SAK 2,5MM REF. LTU425"
Un,240667,SINALEIRO 12VCC/VCA LED 22MM REF. SDS121
Un,240668,CAPA SILICONE P20/M20 TRANSP.
Un,240699,UNIAO MACHO JIC 3/4 X 3/4 UNF
L,318280,ESM. SINT. CINZA OPALESCENTE
L,318346,ESM. SINT. VERMELHO M.F.
Un,497952,SACO PLASTICO 40 X 60 X 0.10
Un,034582,EIXO DO ROLO MOTOR [MCF16]
Un,459549,TRAVA GRAMPO - EIXO C2CC
KG,134882,"TUBO QDR 25X25X3,00MM"
Un,501268,SÉRIE DE GUARNIÇÕES MORSA HIDRÁULICA SHARK CÓD. 043.5614
Un,501416,"CONEXÃO TINTA 1/4"""
Un,501417,"CONEXÃO TINTA 3/8"""
Un,562270,CORREIA B 92
Un,032937,PINO DO EIXO BALANCIM [SISTEMA TANDEM - CBH12/FT12500 M22]
Un,032938,PINO CENTRAL [SISTEMA TANDEM - CBH12/FT12500 M22]
L,318413,ESM. SINT. LARANJA
L,326537,SELADOR P/ MADEIRA - INCOLOR
L,350625,AGUARRÁS
KG,134272,"TUBO SCHEDULLE 40 - 1/2"""
Un,274057,PORCA SEX 1/2 UNF ZB
Un,031689,APOIO DO CARDAN
Un,284191,RETENTOR REF 1707 BR (AR-5045)
PC,501271,"GUIA DE CABO GHB 11 ESQUERDA - PASSO 10 - CABO 8,5M CÓD. CSGTA0045"
Un,501272,"MOLA GUIA DE CABO GHB Nº 14 - 0,6X47 CÓD. CSGTA0073"
M,501273,"CABO DE AÇO 8,5MM R.2160 N/MM2 8 CÓD. MPCM1387"
L,501623,OLEO SAE 40 YS40.
Un,504127,FITA DUPLA FACE TRANSP. 24MM X 2M
Un,504150,FIM DE CURSO TZE02 (CHAVE FIM DE CURSO ATUADOR PINO C/ ROLETE)
Un,534148,BOTAO 22MM PLASTICO S EMERGENCIA D40M
Un,534298,CONT TRIP 3TS3511 40A 1NA+1NF 24VCA
Un,268152,PNEU 175/65R14C 90/88T DL01 SPM
KG,110735,ACO LAMINADO RED 4.1/2 1020
Un,116623,COMP. NAVAL SOMASSOALHO 1790X 450 X 20MM
Un,116627,COMP. NAVAL SOMASSOALHO 3890 X 1695 X 20MM
KG,199974,"(USAR O 120376) CHAPA 1"" SAE 1020"
Un,240641,REPARO CILINDRO TUTTO 6 TON V3562-000 [CÓD. 240471]
Un,210160,ANEL RASPADOR REF D-2000
Un,292291,GAX MOLYTH REF 25002000375
L,350622,SKYLACK THINNER PU TH700
Un,116631,COMP. NAVAL SOMASSOALHO 3090 X 1695 X 20MM
Un,210023,PARBACK 8-239
Un,210024,ANEL O'RING 2-239
Un,210025,ANEL O'RING 2-241
Un,210026,ANEL O'RING 2-045 (USAR PARKER)
Un,257085,"PARAFUSO ALLEN 1/4"" X 1"" UNF"
Un,274150,"PORCA SEX 3/4"" UNF ZB"
Un,292448,GAX MOLYTH REF 37503250 MAI
Un,504077,ANEL ORING 10.00X3.00 11798/7516
Un,504160,ANEL ORING 9.25 X 1.78 10560/2012 VITON
Un,222433,"TUBO TCH 114,30 X 101,60 X 06 ST52 IMP BRUN 4 - CBH/CBHM 5t / 7t"
L,318139,ESM. SINT. AMARELO VALMET
KG,110516,ACO LAMINADO RED 4.1/2 1045
Un,116637,COMP. NAVAL SOMATRUCK 3890 X 1695 X 20MM
Un,260824,PARAF SEX 5/8 X 2.1/2 UNC
Un,200433,MOTOR HIDRÁULICO ORBITAL VOMT 160
Un,200434,ACOPLAMENTO GE168 CEST: 01.050.00
Un,240271,"MANG. A/P 5/8""x 2800MM TERM. RETO/RETO JIC 7/8"""
Un,240272,UNIAO MACHO JIC 7/8 X 3/4 BSP
Un,240274,ADAPTADOR MACHO JIC 7/8 X 1/2 NPT
Un,210013,ANEL GUIA MOLYGARD W2-2250-500 (REF. PARKER)
Un,210027,ANEL O'RING 2-026
Un,210158,ANEL O-RING 2-342
Un,234151,GRAXEIRO 1/8 NPT RETO
Un,240474IMP,CIL. COMPL. CBHM/CBH 4TON
Un,274151,"PORCA SEXTAVADA 1.1/4"" UNF 8.8"
Un,210010,ANEL O'RING 2-217
KG,318169,BONDERITE C-AK L 95 (desengraxante)
Un,222434,"AÇO MT 50.8 CROMADO SAE 1045 NORMAL 2"" - CBH/CBHM 5t / 7t"
Un,116626,COMP. NAVAL FILM 2L 3070 X 450 X 20MM
Un,116633,COMP. NAVAL FILM 2L 1790X 450 X 20MM
Un,116641,COMP. NAVAL FILM 2L 3090 X 1695 X 20MM
Un,116625,COMP. NAVAL FILM 2L 3870 X 450 X 20MM
Un,116628,COMP. NAVAL FILM 2L 3890 X 1695 X 20MM
KG,314018,ELETRODO 1/8 E 6010
Un,116632,COMP. NAVAL FILM 2L 3930 X 327 X 20MM
Un,258236,"PARAFUSO SEXTAVADO 3/4"" X 2.1/2"" UNC"
Un,298337,"CURVA 45º SCH-40 3.1/2"" (EXT 101,6MM X 5,7MM ESP)"
Un,299715,CARDAN REF. 2001/2P B20B20-850
Un,412661,ARRUELA P/RET - EIXO (C) F6
KG,110140,ACO LAMINADO RED 4 1020
KG,112851,"AÇO RED INOX 304 DE 3/4"""
KG,112902,"ACO TREF. RED. SAE-1045 - 7/8"""
KG,134062,TUBO RETANGULAR 250 X 150 X 8.00
KG,134910,"TUBO SCHEDULLE 40 - 1/4"""
M,134688,"TUBO AÇO INOX 304 - 48,26MM X 3.68MM"
Un,116635,COMP. NAVAL FILM 2L 1790 X 600 X 20MM
Un,225679,"ARO 20"" x 7.5"
Un,268203,PNEU 9.00 X 20 14 Pr (14 LONAS)
Un,410639,"MANIVELA BORBOLETA 1/2"" [FTC/FT6500]"
KG,134118,"TUBO SCHEDULLE 80 - 3/8"" 5000"
Un,200309,GUIA UHMW EST. MÓVEL 25 x 1940mm - MÁQ P/ COLHEITA DE FRUTAS CÓ. 027553
Un,200310,GUIA UHMW EST. MÓVEL 65 x 1940mm - MÁQ P/ COLHEITA DE FRUTAS CÓD. 027554
Un,200311,GUIA UHMW EST. MÓVEL 40 x 1940mm - MÁQ P/ COLHEITA DE FRUTAS CÓD. 027556
Un,200316,GUIA UHMW EST. MÓVEL 25 x 990mm - MÁQ P/ COLHEITA DE FRUTAS CÓD. 030257
Un,200317,GUIA UHMW EST. MÓVEL 65 x 990mm - MÁQ P/ COLHEITA DE FRUTAS CÓD. 030258
Un,200318,GUIA UHMW EST. MÓVEL 40 x 990mm - MÁQ P/ COLHEITA DE FRUTAS CÓD. 030259
Un,200319,GUIA UHMW EST. MÓVEL 25 x 1900mm - MÁQ P/ COLHEITA DE FRUTAS CÓD. 030260
Un,200320,GUIA UHMW EST. MÓVEL 65 x 1900mm - MÁQ P/ COLHEITA DE FRUTAS CÓD. 030261
Un,200321,GUIA UHMW EST. MÓVEL 40 x 1900mm - MÁQ P/ COLHEITA DE FRUTAS CÓD. 030262
Un,200337,CHAPA TENCNYL - RODA INFERIOR - MÁQ P/ COLHEITA DE FRUTAS CÓD. 028901
Un,200384,GUIA UHMW EST. MÓVEL 44 x 179mm - MÁQ P/ COLHEITA DE FRUTAS CÓD. 029069
Un,222114,"BARRA ROSC FERRO GALV. 5/8"" X 1MT"
KG,134077,TUBO 2 DIN 2440
Un,214109,"RODA ARO 24"" RB 2823/2410S"
KG,134790,TUBO MECANICO 100 X 56 ST-52
KG,110517,"AÇO REDONDO LAMINADO 5"" 1045"
Un,222435,"TUBO TCH 127.00 X 114.30 X 06.35 ST52 BRUN 4.1/2"" - CBH 6t/CBHM CAFEEIRA"
Un,115333,COMPENSADO NAVAL 10 X 1600 X 2200MM
Un,461246,PINO DE FEIXE DE MOLAS CBH
Un,222438,AÇO MT 60.00 CROMADO SAE 1045 NORMAL - CBH 6t/CBHM CAFEEIRA
Un,210011,ANEL O'RING 2-244
Un,210019,ANEL GUIA MOLYGARD 6W2-2612-500
Un,210028,ANEL O'RING 2-029
Un,210029,ANEL O'RING 2-047 (USAR PARKER)
Un,210161,ANEL RASPADOR D-2375
Un,274964,"PORCA SEXTAVADA G5 1.1/2"" UNF"
Un,292048,GAXETA MOLYTHANE POLYPAK STD 37503750
Un,292292,GAXETA MOLYTHANE POLYPAK TIPO B 25002375-375 B
Un,026070,PORCA PONTA DE EIXO - ROBUSTA 12T
Un,200298,"CONECTOR PASSAGEM 8WA1011-1DF11 2,5MM"
Un,210093,ANEL ELASTICO E-15
Un,221194,ADAPT. MACHO JIC 7/8 X 7/8 JIC UNF C/ORING
Un,222074,BLOCO DE CONTROLE CÓD. HFB110831 (COM 01 VÁLVULA ELÉTRICA E 01 VÁLVULA MANUAL)
Un,222139,COMANDO MONOBLOCO 50 L - 5 EST - ELETRICO DC12V -
Un,222141,VALV. REGUL. DE VAZAO 60L/MIN 1/2 NPT
Un,222442,AÇO MT 40MM CROMADO SAE 1045 NORMAL
Un,222445,CABEÇOTE GUIA C/ VED. CN.070XH.040 080 X 070 X 040
Un,222446,EMBOLO C/ VED. CN 070 X 027 X 050
Un,222447,NIPLE JIC 37 3/4
Un,222448,TUBO TCB 080 X 070 X 05 ST52 BRUN
Un,222449,TERMINAL ROT COM FUNDO SOLDAVEL FT35/70
Un,240267,"MANG. A/P 5/8"" x 200MM TERM. RETO/RETO FEMEA JIC 7/8"
Un,240288,"MANG. A/P 3/8""x 900MM TERM. RETO/RETO JIC 3/4"""
Un,240289,"MANG R2 - 5/8"" X 1700 - TERM. RETO/RETO JIC 7/8"""
Un,240290,"MANG R2 - 5/8"" X 2600 - TERM. RETO/RETO JIC 7/8"""
Un,240296,"MANG R2 - 5/8"" X 350 TERM. RETO/90 JIC 7/8"""
Un,240297,"MANG R2 - 5/8"" X 400 TERM. RETO/RETO JIC 7/8"""
Un,240442,"MANG R2 - 3/8"" X 1200 - TERM. RETO/90 FEMEA JIC 3/4"""
Un,240446,"MANG R2 - 3/8"" X 1700 JIC 3/4"" RETO/RETO"
Un,240518,"MANG R2 - 5/8"" X 700 - TERM. RETO/90 FEMEA JIC 7/8"""
Un,240522,"MANG R2 - 5/8"" X 3800 - TERM. RETO/RETO FEMEA JIC 7/8"""
Un,240549,ADAPT. MACHO JIC 3/4 X 1/2 NPT
Un,240559,COTOVELO UNIAO JIC 3/4 X 3/4 JIC
Un,240565,"TEE MACHO IGUAL JIC 7/8"""
Un,240685,"MANG R2 - 3/8"" X 600 JIC 3/4"" RETO/RETO"
Un,259397,"PARAF SEXT INOX 5/16 X 2.3/4"" UNC"
Un,288767,ROLAMENTO REF 6302
Un,292439,BUJAO 3/4 UNF
Un,497822,"TUBO EPE DIAM. 30 X 3MM X 1,6M CÓD.T30.3.1,6D30"
Un,534473,CABO PP 500V 2 X 1MM
Un,200373,BOMBA AUTOESCORVANTE GBAMUM 220
Un,268501,PNEU RODOV. 700X16 CT52 10 Pr - 10 LONAS
Un,275049,"PORCA A/T. NY. M49 x 1,5 ALT 20,5mm"
Un,222198,AMORTECEDOR MOLA A GÁS SIMPLES AÇÃO 175KG
Un,409820,PRENDEDOR DO TUBO [CBH/CBHM]
GAL,313014,COLA ADESIVA P/ BORRACHA
KG,134455,TUBO QDR 30 X 1.50MM
Un,200392,BOMBA AUTOESCORVANTE GEAR TEC
Un,116624,COMP. NAVAL SOMASSOALHO 1790 X 600 X 20MM
Un,260850,PARAF SEX 1/2 X 2.1/4 8.8UNF ZB
KG,120376,"CHAPA GQ 1"" (25,4) 1010/1020"
KG,318168,BONDERITE C-IC 3995
KG,318171,BONDERITE M-NT CC 42 (conversor de camada)
KG,318172,BONDERITE M-AD 700 (auxiliar)
Un,213849,CORREIA ABERTA V20M - 1000MM X 1500MM
Un,222143,CHICOTE PLUG DEUTSCH
Un,222195,TOMADA P/ REBOQUE FEMEA 7 POLOS PRETA
Un,222196,TOMADA P/ REBOQUE MACHO 7 POLOS PRETA
Un,226183,"EMENDA DUPLA P/ CORR. ASA-50 5/8"""
Un,236206,MANCAL DE APOIO TIPO P205 C/ ROLAMENTO 25MM
Un,236214,MANCAL DE APOIO TIPO P204 C/ ROLAMENTO 20MM
Un,236221,MANCAL DE FLANGE OVAL TIPO FL204 C/ ROLAMENTO 20MM
Un,240258,"MANG. A/P 5/8""x 1200MM TERM. RETO/RETO JIC 7/8"""
Un,240365,"MANG. A/P 5/8""x 2200MM TERM. RETO/RETO JIC 7/8"""
Un,240846,"JOELHO FG JIC 7/8"" X MACHO JIC 7/8"""
Un,033331,PINO DE ENGATE C/ ARGOLA [CBH/CBHM/F/FA]
Un,023504PERF.,CHAPA DE REGULAGEM VARÃO DE TRAVA CBHM 2 EIXOS CÓD. 023504
Un,025409PERF.,SUPORTE TIRANTE / MANCAL CIL CHASSI CÓD. 18773
Un,025743PERF.,SUPORTE FIX. DA PLATAF. - CHASSI F6 CS M14 CÓD. 025743
Un,025745PERF.,APOIO SUPORTE DE MOLAS - CHASSI F6 CS M14 - PERF.
Un,026545PERF.,SUPORTE DO MANCAL (DIR) - CALHA TRANSP. - ROBUSTA 12T PARA COMPOSTO CÓD. 21967
Un,026563PERF.,CORPO DO BLOCO (EXT) - ROBUSTA 12T PARA COMPOSTO CÓD. 6034
Un,026564PERF.,CORPO DO BLOCO (INT) - ROBUSTA 12T PARA COMPOSTO CÓD. 6035
Un,026567PERF.,REFORÇO DA CALHA - ROBUSTA 12T PARA COMPOSTO CÓD. 21968
Un,027274PERF.,CHAPA REFORÇO TUBO IRRIGAÇÃO - CONJUNTO SOLDADO DE DESCIDA DA FITA - ENCANTEIRADOR DE 03 LINHAS - PERF.
Un,028766PERF.,DOBRAD FUEIRO TRAS CBH/CBHM CÓD. 028766
Un,030376PERF.,FIXADOR CHAPA LAT SUP - TAMPA LATERAL - CBH (M17) CÓD. 030376
Un,030387PERF.,BASE MÓVEL M17 BASE MÓVEL CBHM/CBH - PERF.
Un,030598PERF.,REFORÇO LATERAL EXTERNO CBH (M17) ABERTURA LAT. CÓD. 14766
Un,031045PERF.,SAPATA MAIOR CHASSI CBHM CÓD. 11472
Un,258015,PARAF SEX 1/4 X 1 UNC
Un,258053,PARAF SEX 1/4 X 1/2 UNC
Un,258271,PARAF SEX 3/8 X 1.1/2 UNC
Un,409741PERF.,SAPATA CHASSI CBHM CÓD. 409741
Un,409753PERF.,SUPORTE TRASEIRO CBHM CÓD. 11562
Un,425760PERF.,SUPORTE DO CILINDRO CBHM CÓD.425760
Un,459690PERF.,FECHAM DIANTEIRO ICAM (M98) FA/CBHM - PERF.
Un,468393PERF.,FECHAM COMPL - ICAM (M98)F4/6 - PERF.
Un,475944PERF.,SUP FIXACAO PLAT - TANQUES M98 CÓD.475944
Un,494495PERF.,DOBRADIÇA TAMPA TRASEIRA CBH/CBHM CÓD. 494495
Un,494653PERF.,DOBRADIÇA FUEIRO TRAS CBHM CÓD. 496553
Un,222144,"VALV. DIVISORA DE FLUXO 50/50 3/4"" UNF"
Un,240270,JOELHO 90º MACHO JIC 3/4 X 3/4 FEMEA JIC
Un,240286,UNIAO MACHO JIC 7/8 X 3/4 UNF
Un,257517,"PARAFUSO ALLEN C/C 5/16"" X 4.1/2"" UNC 8.8"
M,200371,"TELA SOMBRAX PRETA 50% 3,00"
Un,216532,BORRACHA EVA 6MM X 1200 X 2000MM
Un,218467,PNEU 750X16 10 LONAS
Un,222127,"BARRA ROSC FERRO GALV. 3/8"" X 1MT"
Un,240662,PUXADOR HANDLE GRAB 152MM LENGTH COVER TYPE NYLON BLACK SPECIAL BULK
Un,259045,PARAF SEX 1/4 X 2.1/2 UNC
Un,282164,"REBITE REPUXO DE ALUMINIO 6,2 x 21MM"
Un,026516ROB,CORPO DA CALHA - CALHA TRANSP. - ROBUSTA 12T PARA COMPOSTO - MP
Un,026552ROB,SUPORTE CENTRAL CALHA TRANSPORTADORA - ROBUSTA 12T - MP
Un,026566ROB,APOIO DA CANTORA - ROBUSTA 12T PARA COMPOSTO - MP
Un,027260ENC,CANTONEIRA TUBO DE IRRIGAÇÃO ENCANTEIRADOR DE 03 LINHAS
Un,027528BALANÇA,ORELHA ESTRUTURA - SELEC DE FRUTAS
Un,027531BALANÇA,CHAPA ESTRUTURA BALANÇA - SELEC DE FRUTAS
Un,027560SELEC.,CANTONEIRA DO MANCAL- SELEC. DE FRUTAS
Un,027604BALANÇA,CHAPA ALUMINIO BALANÇA- SELEC DE FRUTAS
Un,027606BALANÇA,LATERAL BALANÇA - SELEC DE FRUTAS
Un,027607BALANÇA,BASE BALANÇA - SELEC DE FRUTAS -
Un,027609BALANÇA,GUIA LATERAL MENOR - SELEC DE FRUTAS
Un,027610BALANÇA,GUIA LATERAL MAIOR - SELEC DE FRUTAS
Un,027613BALANÇA,LATERAL BALANÇA- SELEC DE FRUTAS
Un,027614BALANÇA,LATERAL MAIOR- SELEC DE FRUTAS
Un,027616BALANÇA,TRAVESSA INF BALANÇA - SELEC DE FRUTAS
Un,027617BALANÇA,ORELHA SAÍDA BALANÇA- SELEC DE FRUTAS
Un,027795BALANÇA,CALÇO BALANÇA - SELEC DE FRUTAS
Un,027811BALANÇA,FECHAM CALÇO BALANÇA - SELEC DE FRUTAS
Un,027918SELEC.,APOIO DO FUSO- SELECIONADORA DE FRUTAS
Un,028413BALANÇA,BASE CÉLULA DE CARGA - SELEC DE FRUTAS (ANTIGA)+
Un,028414BALANÇA,ESPAÇADOR CÉLULA DE CARGA- SELEC DE FRUTAS
Un,028805MAQ.MELÃO,CHAPA TANQUE DE ÓLEO HIDR - MÁQUINA P/ COLHEITA DE FRUTAS
Un,028888MAQ.MELAO,FLANGE DA TAMPA - TANQUE - MÁQUINA P/ COLHEITA DE FRUTAS
Un,029093MAQ.MELAO,FLANGE BOCAL - TANQUE - MÁQUINA P/ COLHEITA DE FRUTAS
Un,029103MAQ.MELAO,FLANGE DA BOIA - TANQUE - MÁQUINA P/ COLHEITA DE FRUTAS
Un,029104MAQ.MELAO,FLANGE DO TANQUE - MÁQUINA P/ COLHEITA DE FRUTAS
Un,031746SELEC.,"CHAPA DE ESBARRO - CONJUNTO DE ESBARRO - SELECIONADORA DE FRUTAS (2,92m)"
M,115334,"BALATA (BORRACHA) PRETA LONADA 5/16"""
KG,117010,POLIPROPILENO NATURAL VIRGEM MATERIAL - NPCP141-PPCOPO POLIPR) C/CARGA S25
KG,117012,POLIPROPILENO NATURAL VIRGEM MATERIAL - CP442XP
Un,120010,TARUGO NYLON 110 X 1000MM (NYLON 6.0)
Un,120019,TARUGO NYLON 6.0 25 X 1000MM
Un,120028,TARUGO PU VERM. RED. 30 X 300MM
Un,120032,TARUGO NYLON 75 X 1000mm NYLON 6.0
Un,120033,TARUGO NYLON 6.0 28 X 1000MM
KG,199775,FERRO FUNDIDO NODULAR RED. 75.8 MM
Un,222193,FIXADOR TENSOR KF943 DTR
Un,257516,"PARAFUSO ALLEN C/C 5/16"" X 2.1/2"" UNC 8.8"
Un,257519,PARAFUSO ALLEN C/C MA 6 X 25 8.8
Un,257520,PARAFUSO ALLEN C/C MA 10 X 25 8.8
Un,257646,"PARAF ALLEN C/C ACO G12.9 NC 1/4"" X 3"""
Un,260046,PARAF SEX 5/16X 2.1/2 R. P. UNC
KG,199839,"ACO LAMINADO 1045 5"""
KG,124394,ACO LAMINADO QDR 3 1020
KG,134138,"TUBO SCHEDULLE 80 - 3/8"" 6300"
Un,224572,CORREIA TRANSP. LISA PRETA C/03 LONAS CF150 RAA CÓD. P.20.194.01.01
Un,032048,CORRENTE COMPLEMENTAR SIMPLES CARROC
Un,029165,BUCHA LATERAL PARA ENCAIXE - SELECIONADORA DE FRUTAS
Mt,213433,"ELETRODUTO SPIRAFLEX 3/4"""
Un,268408,PNEU 4.80/4.00X8 LEV B (CÓD.14749)
Un,240273,UNIAO MACHO JIC 3/4 X 3/4 BSP
Un,240276,"MANG. A/P 5/8"" X 900MM TERM. RETO/RETO JIC 7/8"""
Un,240277,"MANG. A/P 5/8"" X 200MM TERM. RETO/90º JIC 7/8"""
Un,240279,"MANG. A/P 5/8"" X 400MM TERM. RETO/90º JIC 7/8"""
Un,240419,"MANG R2 - 5/8"" X 1700 - TERM. RETO/90 FEMEA JIC 7/8"""
Un,240444,"MANG R2 - 5/8"" X 1100 JIC 7/8"" RETO/RETO"
Un,292059,"BUJAO GALV 3/4"" BSP"
Un,292061,"BUJAO GALV 1/4"" BSP"
Un,034682,EIXO TENSOR DA ESTEIRA [MCF M23]
Un,034733,"RODA DENTADA 14 DENTES EIXO 1.1/4"" [MCF M24]"
Un,034738,"RODA DENTADA 14 DENTES EIXO 1"" [MCF M24]"
Un,035110,PINO SUPERIOR DA ARTICULAÇÃO [MCF M24]
KG,134011,TUBO RETANGULAR 150 X 100 X 6.35 X 7200
KG,134025,"TUBO RET 100 X 50 X 4,00"
KG,134026,TUBO RETANGULAR 100 X 50 X 6MM
KG,134033,"TUBO QDR 50,00 X 4,5MM"
KG,134036,"TUBO QDR 50,00 X 4MM"
Un,222465,"TAMBOR DE FRESAGEM EM CHAPA AC G 1.1/2"""
Un,260311,"PARAF SEXT 5/8 X 3"" G5 (8.8) UNC R.I"
KG,124205,ACO LAMINADO QDR 2.1/2 1020
Un,240301,TERM FEMEA JIC 90 MANG 3/8 X 3/4
Un,224579,CORREIA TRANSP. HORIZONTAL C/ TALISCAS U 1 27300 X 480MM
KG,110607,ACO LAMINADO RED 5/8 1020
KG,124102,ACO LAMINADO QDR 1.1/2 1020
KG,134021,"TUBO QDR 50,00 X 2,00"
KG,134023,"TUBO RET 100 X 50 X 3,00"
KG,134050,TUBO QDR 100 X 4.00MM
KG,134088,"TUBO QDR 20,00 X 20,00 X 1,50"
KG,134156,TUBO MECANICO 43 X 30 ST-52
KG,134168,"TUBO SCHEDULLE 80 - 3/4"""
KG,134326,"TUBO SCHEDULLE 40 - 3/4"""
KG,134451,TUBO QDR 50 X 3.00MM
KG,134891,"TUBO QDR 40,00 X 2,50"
Un,212102,"ARRUELA LISA 1.1/4"" GALV. 1/8"" ESPESSURA"
KG,134181,TUBO 3/4 DIN 2440
KG,126160,AÇO CHATO LAM 1/2 X 2.1/2 SAE-1020
KG,134200,"TUBO SCHEDULLE 80 - 1.1/4"""
KG,134049,"TUBO QDR 63,50 X 63,50 X 5,00"
KG,134510,"TUBO SCHEDULLE 40 - 1"""
Un,258325,PARAF SEX 3/8 X 1.3/4 UNF ZB
Un,274707,"PORCA SEX 3/8"" UNF ZB"
KG,110164,ACO LAMINADO RED 1 1020
KG,120205,BOBINA CHAPA 3.00 LN 500
Un,222325,PINO ELÁSTICO 6 X 40MM
Un,240302,TERM RETO FEMEA JIC MANG 3/8 X 3/4
KG,112874,"ACO RED INOX 304 DE 1.1/2"""
Un,035468,PINO DA RÓTULA [ACESSÓRIOS - CTH4500]
Un,035469,PINO DA CAÇAMBA [ACESSÓRIOS - CTH4500]
Un,035601,LIMITADOR [CHASSI - CTH4500]
Un,299704,BUCHA GSM-2630-16 (IGLIDUR) - RG
Un,026928,EIXO DA RODA MARCADORA 5 BICOS - TRANSPLANTADEIRA
KG,110188,ACO LAMINADO RED 1/2 1020
KG,110528,ACO LAMINADO RED 3/4 1020
M,117111,TARUGO NYLON RED. DE 150mm.
Un,120007,CHAPA UHMW 12 X 1000 X 700 MM
Un,120012,CHAPA UHMW 6 X 920 X 1200 MM
KG,134134,TUBO MECANICO 36 X 16 ST-52
Un,200031,ASSENTO TIPO CONCHA PRETA CÓD.US-2008
Un,200032,TANQUE DE POLIETILENO CAP. 500LTS
Un,200034,JOELHO ESGOTO 75MM X 90º
Un,200035,REDUÇÃO EXCENTRICA ESG. 75X50
Un,200036,"TE ROSCAVEL 3/4"""
Un,200038,"NIPEL ROSC 3/4"" PCV"
Un,200039,"ADAPTADOR LR 25 X 3/4"""
Un,200040,"ADAPTADOR INTERNO 3/4"" RABO TATU"
Un,200044,"JOELHO LR 25 X 3/4"""
Un,200045,"JOELHO PVC ROSCAVEL 3/4"""
Un,200046,"REGISTRO GALV. 3/4"""
Un,200052,LUVA PVC ESG. 75MM
Un,200068,ADESIVO PVC 75G (POLYTUBES)
Un,200135,TE PVC 75 X 75
Un,200136,BUCHA RED. LONGA 50 X 25
Un,200175,"ADAPTADOR INTERNO 1/2"" (RABO DE TATU)"
Un,201224,"DISCO GRADE CONCAVO LISO 24,00""R 6,00MM 1F #42,86"
Un,213601,"ABRACADEIRA S/FIM 3/4"" A 1"""
Un,213642,"REBITE REPUXO INOX 3,2 X 12 (312)"
Un,222145,CAIXA DE TRANSMISSÃO INPEL CT14501-ZH
Un,222146,LIMITADOR DE TORQUE INPEL LT9003-Z
Un,222452,CABEÇOTE GUIA C/ VED. CN.080XH.060
Un,222453,EMBOLO C/ VED. CN 080-080x030x050
Un,222454,FUNDO CN.080 080x095x012 FD
Un,222455,OLHAL TUBULAR 063X040X100
Un,222456,PORCA AUTO TRAVANTE MÉTRICA ALTA M30X2
Un,222457,TOMADA DE OLEO TB LIG16H30
Un,222459,TOMADA DE OLEO 1/2 BSP
Un,222461,TOMADA DE OLEO 1/2 BSP-H18
Un,222462,TUBO TLH 016X2 USINADO
Un,222463,TUBO TCH 095x080x07.5 BRUNIDO
Un,222464,DISTANCIADOR H060
Un,222719,CONTRA PINO 1/4 X 1.1/2
Un,222940,PINO DE PRESSAO 6 X 50mm
Un,240036,LAMINA FACA DUPLO CORTE ref.03-0718
Un,258295,PARAF SEX 3/8 X 1.1/2 UNF
Un,258635,PARAF SEX 5/8 X 1 UNC ZB
Un,260332,PARAF SEX 3/4 X 5 UNF ZB
Un,260435,PARAF SEX 5/8 X 2.1/2 8.8UNC ZB
Un,272402,"PORCA CAST. DE 1"" UNC ZB"
Un,274100,PORCA SEX 1/2 12 F - ZB
Un,274197,"PORCA SEX 5/8"" G-5 UNF ZB"
Un,275062,"PORCA A/T. NY. 7/8"" UNF ZB ALTA"
Un,284854,RETENTOR REF 01602 BAG
Un,288205,ROLAMENTO YAR 204-2F
Un,288206,MANCAL APOIO FRM P204
Un,299960,CARDAN REF. CC-2558/1P C/PROTECAO
L,313144,ESM. PU ACRILICO PRETO FOSCO
Un,414347,EIXO ENG - TORRE DESL (M03) ROCAX 1800
Un,443554,PINO ENG T SUP/TORRE ROT
M,200388,"TELA SOMBRIL PRETA 50% 1,50m"
Un,034958,PINO MAIOR DO BRAÇO ESTABILIZADOR [MCF16]
Un,035202,PINO INFERIOR DO CILINDRO A-10-A [MCF M24]
Un,035296,PINO DOS AMORTECEDORES [MCF M24]
KG,300049,PIGMENTO AZUL 10407
Un,026878,BANDEJA MELÃO- SELECIONADORA DE FRUTAS
KG,110309,ACO LAMINADO RED 1.1/4 1020
KG,124577,ACO LAM QDR 3/8 1020
Un,222133,"BARRA ROSC FERRO GALV. 1/2"" X 1MT"
Un,029499,PRENDEDOR DO TUBO DE RETORNO [MCF]
Un,034585,BUCHA DE FIXAÇÃO [ROLO MOTOR - MCF M23]
Un,034770,FIXADOR REGULADOR DE FLUXO [MCF M23]
Un,034953,TRAVA DO PINO [MCF16]
Un,035463,EIXO TENSOR [MCF16 M24]
KG,134194,TUBO MECANICO 80 X 50 ST-52
KG,134627,TUBO MECANICO 45 X 28 ST-52
KG,134887,TUBO RET 150 X 80 X 5MM
Un,028522,EIXO MAIOR DA BANDEJA - SELECIONADORA DE FRUTAS
Un,350527,LOCTITE 271 TB. C/ 50 GR.
Un,226114,MOLA TRAÇÃO MT 4X29 5X104X151 5T CRUZ
Un,CHAVEIRO_BRINDE,CHAVEIRO CEMAG CARRETA BRINDE
Un,035367,BUCHA REGULADORA DA EMBREAGEM [ROÇAX 1800 M24]
L,350631,SOLVENTE (TOLUENO)
Un,436057,EIXO TRAVA TORRE 1800 ROCAX
Un,442173,EIXO RODA (M03) RG
M3,801082,MISTURA SK-20/C-25
KG,110929,ACO LAMINADO RED 2 8620
KG,124060,ACO TREFILADO QDR 1/2 1045
Un,258237,"PARAF SEX 1/4 X 2.1/2"" UNC ZB"
Un,259299,PARAF P/ARADO TIPO A3 1/2 X 1.1/2 ZB
Un,282156,"REBITE DE ALUMINIO 4,8 x 16MM (516)"
Un,200438,BLOCO DE CONTATO AUXILIAR BC 1NA (F) P/ BOT. CSW C12174912
Un,200439,FLANGE P/ BOT. COM SINALI AF 3 POSIÇÕES CSW F C/ 12918902
Un,200440,BOTAO CSW BD55FR-WH DUPLO PULS. PRETO/PRETO S/ FLANGE C 12884115
Un,200441,MINIDISJUNTOR MDW-C 16A 2P 230/400 VCA 3KA C/ 15265722
Un,200453,CONEC DE PASSAGEM (Borne Sak 2.5mm)
Un,200454,RELE INTERFACE CR-P012DC2 12VCC/16A 1N CC
Un,200455,BASE P/LINHA.CR-P MODE.P/RELE 1 OU 2NA
Un,200457,"PRENSA CABO 1"""
Un,200458,"PRENSA CABO 3/4"""
M,200459,"ELETRODUTO SPIRAFLEX PRETO 1/2"""
Mt,200460,CABO PP 2x1mm
Un,200461,botoeira de emergencia c/ trava NF MCF16
M,200462,CABO FLEXIVEL CL5 750V PVC 70°C PT 1MM
M,200463,CABO FLEXIVEL 1MM AZUL
M,200464,"CABO FLEXIVEL 750V SIL PT 1,5MM"
Un,200467,CAIXA VAZIA BOTOE.1 BOTAO 75X75X57
Un,200481,"Sinaleira 12V, 22mm, Amarela"
Un,200485,CAIXA PASS.CEGA STECK 154X110X70 S.SX161
Un,221198,UNIÃO MACHO JIC 7/8 X 1.1/16 UNF
Un,240670,"ADAPTADOR MACHO JIC 7/8"""
Un,251008,"PARAF ALLEN S/C 1/4"" X 1/2"""
KG,120201IMP,BOBINA CHAPA LQ 6.00 X 1200 SAE1010
KG,120278IMP,"BOBINA CHAPA LQ 3.75 X 1,20 A36/CIVIL300 IMP"
KG,120305IMP,"BOBINA CHAPA LQ 4.75 X 1,20 A36/CIVIL300 IMP"
KG,134697,"TUBO QDR 60 X 4,00"
Un,200047,"DISCO GRADE CONCAVO LISO 14,00""L 3,00MM 1F #26,98"
Un,200224,"DISCO GRADE CONCAVO DENTADO 24,00""R 6,00MM 1F #42,86"
Un,200450,QUADRO DE COMANDO 40X30X20 MCF16
M,200451,TRILHO DIN P/FIXAÇÃO
M,200452,CANALETA HELADUCT ABERTA 30X30MM
Un,200456,PRENSA CABO S-852CI BSP STECK BC 16mm (PG16)
M,200482,"espaguete termo retrátil 3/4"""
Un,200487,Conector Automotivo 2 Vias Selado Impermeável
M,200488,espaguete termo retrátil 8mm
Un,210857,ANEL ELASTICO I-92
Un,212234,"ARR. DE PRES. MÉDIA - ZB 3/16"""
Un,212611,"ARR. DE PRES. MÉDIA - ZB 7/8"""
Un,214110,RODA MOD. FER.325/350X8 ESF 6205 CH 16 CÓD.198
Un,216531,BORRACHA EVA 10MM X 1200 X 2000MM
Un,216533,BORRACHA EVA 6MM X 1200 X 2200MM
Un,218406,CAMARA AR REF. 16 L 395 (K-16)
Un,222191,AMORTECEDOR PORTA-MALAS GOL 80/90 CÓD. TG-12.1.013 P/ PRODUTO MCF SS RS M23
Un,222327,PINO ELÁSTICO 6 X 50 (DIN 1481)
Un,222425,CABEÇOTE GUIA C/ VED. CN 050X040X028 + EMBOLO C/ VED. 040X015X040 + PORCA AUTO TRAVANTE M14X1.50 REF. CÓD. 222422
Un,222432,TUBO TCH 072X060X06 ST52 BRUN 237MM REF. CÓD. 222422
Un,222450,TERMINAL TRAS ROT SOLDAVEL S35N IMP
Un,222451,FUNDO CN.070 070x080x012 FD
Un,236204,MANCAL FLANGE FRM F208
Un,240510,"CIL. COMPL. 2"" x 180MM CÓD.CJ 429"
Un,240651,TERM FEMEA JIC 90 MANG 5/8 X 7/8
Un,257095,"PARAF ALLEN S/CAB 5/16 X 3/8"" UNC"
Un,257123,"PARAF. MAQ. FENDA. 5/16"" X 1.3/4"" CAB. CHATA"
Un,257643,"PARAF ALLEN 1/4 X 1"" NC C/CAB."
Un,258076,PARAF SEX 5/16X 1 UNC ZB
Un,258167,PARAF SEX 1/2 X 3/4 UNC ZB
Un,258182,PARAF SEX 1 X 4 UNC
Un,258398,PARAF SEX 3/8 X 3/4 UNC ZB
Un,258831,PARAF SEX 1/4 X 7/8 UNC
Un,258855,"PARAF SEX 1/2 X 5.1/2"" UFC"
Un,258970,PARAF SEX 3/8 X 1 UNC ZB
Un,259214,PARAF SEX 5/16X 3 UNC
Un,259362,"PARAF SEX INOX 1/2 X 1"" UNC"
Un,260113,PARAF SEX 1/2 X 1 UNC ZB
Un,260125,PARAF SEX 5/8 X 4 UNC
Un,260149,PARAF SEX 1/2 X 2.1/4 UNC
Un,260204,PARAF SEX 5/8 X 1.1/4 UNF
Un,260461,PARAF SEX 3/8 X 2.3/4 UNC
Un,260526,PARAF SEX 1/2 X 4 - UNC
Un,260600,PARAF SEX 5/8 X 4.1/2 UNC
Un,260940,PARAF SEX 1 X 7 UNC
Un,274501,PORCA SEX 3/16 UNC
Un,288200,ROLAMENTO FRM 207 EIXO 35MM
Un,288204,ROLAMENTO REF 6004-2RS 1º LINHA
Un,288209,ROLAMENTO REF 6011 1º LINHA
Un,313209,FITA CREPE 48x50
L,313233,CATALIZ. P/WASH PRIMER
L,313310,DESENGRAXANTE P/ LIMPEZA DE PEÇAS
L,318050,WASH PRIMER
Un,497848,FITA PLAST. P/EMB. LARG. 10mm.
Un,497872,FITA ADESIVA USO GERAL 3M C/ 100 MTS
Un,497874,FITILHO
Un,497968,"SACO PLASTICO P/ DES. 34X24X0,20"
Un,504620,SPRAY TINTA
M,504748,CABO DE FIBRA ÓTICA CÓD. 40185162
Un,509264,FILTRO CARTÃO PLINSADO 1250 X 1275 - 40 PLINSAS
Un,509265,FILTRO CARTÃO PLINSADO 1250 X 1270MM 32 PLINSAS
Un,509266,FILTRO CARTÃO PLINSADO 1250 X 800MM 20 PLINSAS
Un,509268,MANTA PA50 795 X 1270MM
Un,509269,MANTA PA50 645 X 1270MM
Un,509270,MANTA PA50 810 X 1270MM
Un,509378,MANTA HV500 795 X 1270MM
Un,509379,MANTA HV500 645 X 1270MM
Un,509380,MANTA HV500 810 X 1270MM
Un,533572,PILHA ALCALINA AA
Un,533786,FITA ISOLANTE 19MM X 20M PRET
Un,534510,FIXADOR VERTICAL KF111 RBL
Un,599488,ADESIVO INSTANTANEO 20 G
M3,801010,OXIGENIO GASOSO
KG,801084,DIOXIDO DE CARBONO 2.2 NA (25KG)
Un,455600,TAMPA CUBO - RODAGEM F6/FA/CBHM
KG,120134IMP,"BOBINA CHAPA LQ 2.00 X 1,20 A36/CIVIL300 IMP"
Un,222422,CILINDRO LAT. CBHL - INT 60mm x HST 25mm - CURSO 181mm
Un,398024,KIT ADESIVO TANQUE FTC6500
KG,120547IMP,BOBINA CHAPA LQ 2.65 X 1500 A36/CIVIL300 IMP
Un,222153,RESPIRO C/ VARETA REF. BJ-15 INPEL
Un,027269,PINHAO 13 DENTES MOVIDO - ROBUSTA 12T PARA COMPOSTO
Un,028019,EIXO DO BRAÇO - MÁQ P/ COLHEITA DE FRUTAS
Un,398031,KIT ADESIVO FORRAGEIRA CBH6
Un,218200,"CAMARA AR 900X20 (20""Z500-V3-06-8)"
Un,222410,"ARO DE RODA 20"" C/ANEL CBH 8T"
Un,398023,KIT ADESIVO TANQUE FTC4300R
Un,398029,KIT ADESIVO USO GERAL CBH7
Un,398049,KIT ADESIVO BASICA FA5 METALICA
KG,120549IMP,BOBINA CHAPA LQ 2.65 X 1200 A36/CIVIL300 IMP
Un,398030,KIT ADESIVO FORRAGEIRA CBH5
Un,258647,PARAF SEX 5/8 X1.1/4 UNC ZB
Un,035470,PINO DO CHASSI [ACESSÓRIOS - CTH4500]
KG,110000,ACO LAMINADO RED 3.1/2 1020
Un,398039,KIT ADESIVO USO GERAL CBHM6000-2E
Un,398052,KIT ADESIVO BASICA FA4 FB - FA6 FIXA - F6B - F6C - FA2A
KG,120112,"CHAPA ANTI-DERR. 4,75mm. 1010"
Un,200492,CHAPA UHMW 5 X 80 X 130 [CTH4500]
Un,200493,CHAPA UHMW 5 X 80 X 200 [CTH4500]
Un,398055,KIT ADESIVO TRANSBORDO CTH4500
Un,212103,ARRUELA LISA 30MM GALV.
Un,398033,KIT ADESIVO FORRAGEIRA CBH7
Un,398036,KIT ADESIVO FORRAGEIRA CBH6R
Un,398048,KIT ADESIVO USO GERAL CBHM6000
Un,398053,KIT ADESIVO BASICA FA2 METALICA
Un,398057,KIT ADESIVO ROCADEIRA ROCAX1800
Un,427998,STOP PATIM [ROÇAX1800]
Un,491895,BARRA REG - PATIM (M03) ROCAX
Un,026876,PINO 2º PONTO - PRÉ-ENCANTEIRADOR
Un,034840LC,TUBO ESPAÇADOR LARANJA DO EIXO [MCF16]
Un,035953,CONJUNTO PISTÃO + TAMPA CILINDRO 5000-6000 [MCF16 M24]
Un,398025,KIT ADESIVO TANQUE FTD5000
Un,398043,KIT ADESIVO CAFEEIRA CBHM6000
Un,398054,KIT ADESIVO BASICA FA6F METALICA
Un,033329,REFORÇO LATERAL [FIXAÇÃO BRAÇO - CBH12]
Un,034684,DISCO TENSOR MENOR [MCF M23]
Un,035815,"BUCHA DE FIXAÇÃO 1.1/4"" [MCF16 M24]"
Un,035955,EIXO TENSOR DA ARTICULÇÃO INFERIOR [MCF]
KG,110670,ACO LAMINADO RED 3 1045
M,200442,"CABO CONTROLE 20 X 1,00MM"
Un,200489,TAMPA SAK P/ PORTA FUSÍVEL MAT-F/MAB1
Un,200490,CONEC. SAK C/ PORTA FUSÍVEL C/ SIN 24V MAT-F/MAB1F24
Un,222207,TOMADA CONECTOR FEMEA 16 PINOS C/ TRAVA
Un,200465,TERMINAL ILHOS 1.0mm
Un,398037,KIT ADESIVO FORRAGEIRA CBH6-2E
Un,398040,KIT ADESIVO GRANELEIRA CBHM5000
Un,200466,TERMINAL ILHOS 1.5mm
Un,200471,"Anilha identificador de fio 2,5MM N°1"
Un,200472,"Anilha identificador de fio 2,5MM N°2"
Un,200473,"Anilha identificador de fio 2,5MM N°3"
Un,200474,"Anilha identificador de fio 2,5MM N°4"
Un,200475,"Anilha identificador de fio 2,5MM N°5"
Un,200476,"Anilha identificador de fio 2,5MM N°6"
Un,200477,"Anilha identificador de fio 2,5MM N°7"
Un,200478,"Anilha identificador de fio 2,5MM N°8"
Un,200479,"Anilha identificador de fio 2,5MM N°9"
M,200486,CABO CONTROLE 500V FLEX PT 25 X 1
Un,200584,FUSÍVEL VIDRO 2CM 5A
Un,200585,FUSÍVEL VIDRO 2CM 10A
Un,222206,TOMADA CONECTOR MACHO 16 PINOS C/ TRAVA
Un,222209,TOMADA CONECTOR MACHO 24 PINOS C/ TRAVA
Un,026684LC,SUPORTE DA RODA [TRP6000]
Un,030327,TUBO FIXO MACACO M17 CHASSI CBHM/CBH
Un,035713,PARAFUSO LAMINA METISA [ROCAX1800]
M,200483,"espaguete termo retrátil 1.1/2"""
Un,398041,KIT ADESIVO CAFEEIRA CBHM5000
Un,035441LC,TUBO HIDRAULICO DOS CILINDROS LARANJA [MCF M24]
Un,035999LC,"CILINDRO HIDRÁULICO 4.1/2"" LARANJA [MCF16 M24]"
Un,035369,ARRUELA DO REGULADOR DA EMBREAGEM [ROÇAX 1800 M24]
Un,200496,Conector Automotivo Mike 2 Vias Aviação Gx16 2 - Macho E Femea
KG,112914,ACO TREFILADO RED 7/8 1020
KG,134024,"TUBO RET 50 X 30 X 1,50"
KG,134043,TUBO RETANGULAR 100 X 50 X 5MM
KG,134124,TUBO MECANICO 112 X 90 ST-52
KG,134447,"TUBO QDR 40 X 4,5MM"
KG,134449,TUBO QDR 100 X 3.00MM
KG,134883,"TUBO QDR 50,00 X 6MM"
KG,199814,"AÇO QUAD. TREF. 1020 2"" (50.800MM)"
M,219447,CORDA NYLON TRANÇADA PET 06mm.
Un,412030,"ARRUELA CHANF 5/8""- RODAG CAR"
Un,200470,"Anilha identificador de fio 2,5MM N°0"
Un,398050,KIT ADESIVO FORRAGEIRA CBH9-2E
Un,ITA201,PINO ELÁSTICO DIN 1481 10 X 80MM
,,#VALUE!
,,#VALUE!
,,#VALUE!
,,#VALUE!
,,#VALUE!
,,#VALUE!
,,#VALUE!
,,#VALUE!
,,#VALUE!
,,#VALUE!
,,#VALUE!
,,#VALUE!
,,#VALUE!
,,#VALUE!
,,#VALUE!
,,#VALUE!
,,#VALUE!
,,#VALUE!
,,#VALUE!
,,#VALUE!
,,#VALUE!
,,#VALUE!
,,#VALUE!
,,#VALUE!
,,#VALUE!
,,#VALUE!
,,#VALUE!
,,#VALUE!
,,#VALUE!
,,#VALUE!
,,#VALUE!
,,#VALUE!
,,#VALUE!
,,#VALUE!
,,#VALUE!
,,#VALUE!
,,#VALUE!
,,#VALUE!
,,#VALUE!
,,#VALUE!
,,#VALUE!
,,#VALUE!
,,#VALUE!
,,#VALUE!
,,#VALUE!
,,#VALUE!
,,#VALUE!
,,#VALUE!
,,#VALUE!
,,#VALUE!
,,#VALUE!
,,#VALUE!
,,#VALUE!
,,#VALUE!
,,#VALUE!
,,#VALUE!
,,#VALUE!
,,#VALUE!
,,#VALUE!
,,#VALUE!
,,#VALUE!
,,#VALUE!
,,#VALUE!
,,#VALUE!
,,#VALUE!
,,#VALUE!
,,#VALUE!
,,#VALUE!
,,#VALUE!
,,#VALUE!
,,#VALUE!
,,#VALUE!
,,#VALUE!
,,#VALUE!
,,#VALUE!
,,#VALUE!
,,#VALUE!
,,#VALUE!
,,#VALUE!
,,#VALUE!
,,#VALUE!
,,#VALUE!
,,#VALUE!
,,#VALUE!
,,#VALUE!
,,#VALUE!
,,#VALUE!
,,#VALUE!
,,#VALUE!
,,#VALUE!
,,#VALUE!
,,#VALUE!
,,#VALUE!
,,#VALUE!
,,#VALUE!
,,#VALUE!
,,#VALUE!
,,#VALUE!
,,#VALUE!
,,#VALUE!
,,#VALUE!
,,#VALUE!
,,#VALUE!
,,#VALUE!
,,#VALUE!
,,#VALUE!
,,#VALUE!
,,#VALUE!
,,#VALUE!
,,#VALUE!
,,#VALUE!
,,#VALUE!
,,#VALUE!
,,#VALUE!
,,#VALUE!
,,#VALUE!
,,#VALUE!
,,#VALUE!
,,#VALUE!
,,#VALUE!
,,#VALUE!
,,#VALUE!
,,#VALUE!
,,#VALUE!
,,#VALUE!
,,#VALUE!
,,#VALUE!
,,#VALUE!
,,#VALUE!
,,#VALUE!
,,#VALUE!
,,#VALUE!
,,#VALUE!
,,#VALUE!
,,#VALUE!
,,#VALUE!
,,#VALUE!
,,#VALUE!
,,#VALUE!
,,#VALUE!
,,#VALUE!
,,#VALUE!
,,#VALUE!
,,#VALUE!
,,#VALUE!
,,#VALUE!
,,#VALUE!
,,#VALUE!
,,#VALUE!
,,#VALUE!
,,#VALUE!
,,#VALUE!
,,#VALUE!
,,#VALUE!
,,#VALUE!
,,#VALUE!
,,#VALUE!
,,#VALUE!
,,#VALUE!
,,#VALUE!
,,#VALUE!
,,#VALUE!
,,#VALUE!
,,#VALUE!
,,#VALUE!
,,#VALUE!
,,#VALUE!
,,#VALUE!
,,#VALUE!
,,#VALUE!
,,#VALUE!
,,#VALUE!
,,#VALUE!
,,#VALUE!
,,#VALUE!
,,#VALUE!
,,#VALUE!
,,#VALUE!
,,#VALUE!
,,#VALUE!
,,#VALUE!
,,#VALUE!
,,#VALUE!
,,#VALUE!
,,#VALUE!
,,#VALUE!
,,#VALUE!
,,#VALUE!
,,#VALUE!
,,#VALUE!
,,#VALUE!
,,#VALUE!
,,#VALUE!
,,#VALUE!
,,#VALUE!
,,#VALUE!
,,#VALUE!
,,#VALUE!
,,#VALUE!
,,#VALUE!
,,#VALUE!
,,#VALUE!
,,#VALUE!
,,#VALUE!
,,#VALUE!
,,#VALUE!
,,#VALUE!
,,#VALUE!
,,#VALUE!
,,#VALUE!
,,#VALUE!
,,#VALUE!
,,#VALUE!
,,#VALUE!
,,#VALUE!
,,#VALUE!
,,#VALUE!
,,#VALUE!
,,#VALUE!
,,#VALUE!
,,#VALUE!
,,#VALUE!
,,#VALUE!
,,#VALUE!
,,#VALUE!
,,#VALUE!
,,#VALUE!
,,#VALUE!
,,#VALUE!
,,#VALUE!
,,#VALUE!
,,#VALUE!
,,#VALUE!
,,#VALUE!
,,#VALUE!
,,#VALUE!
,,#VALUE!
,,#VALUE!
,,#VALUE!
,,#VALUE!
,,#VALUE!
,,#VALUE!
,,#VALUE!
,,#VALUE!
,,#VALUE!
,,#VALUE!
,,#VALUE!
,,#VALUE!
,,#VALUE!
,,#VALUE!
,,#VALUE!
,,#VALUE!
,,#VALUE!
,,#VALUE!
,,#VALUE!
,,#VALUE!
,,#VALUE!
,,#VALUE!
,,#VALUE!
,,#VALUE!
,,#VALUE!
,,#VALUE!
,,#VALUE!
,,#VALUE!
,,#VALUE!
,,#VALUE!
,,#VALUE!
,,#VALUE!
,,#VALUE!
,,#VALUE!
,,#VALUE!
,,#VALUE!
,,#VALUE!
,,#VALUE!
,,#VALUE!
,,#VALUE!
,,#VALUE!
,,#VALUE!
,,#VALUE!
,,#VALUE!
,,#VALUE!
,,#VALUE!
,,#VALUE!
,,#VALUE!
,,#VALUE!
,,#VALUE!
,,#VALUE!
,,#VALUE!
,,#VALUE!
,,#VALUE!
,,#VALUE!
,,#VALUE!
,,#VALUE!
,,#VALUE!
,,#VALUE!
,,#VALUE!
,,#VALUE!
,,#VALUE!
,,#VALUE!
,,#VALUE!
,,#VALUE!
,,#VALUE!
,,#VALUE!
,,#VALUE!
,,#VALUE!
,,#VALUE!
,,#VALUE!
,,#VALUE!
,,#VALUE!
,,#VALUE!
,,#VALUE!
,,#VALUE!
,,#VALUE!
,,#VALUE!
,,#VALUE!
,,#VALUE!
,,#VALUE!
,,#VALUE!
,,#VALUE!
,,#VALUE!
,,#VALUE!
,,#VALUE!
,,#VALUE!
,,#VALUE!
,,#VALUE!
,,#VALUE!
,,#VALUE!
,,#VALUE!
,,#VALUE!
,,#VALUE!
,,#VALUE!
,,#VALUE!
,,#VALUE!
,,#VALUE!
,,#VALUE!
,,#VALUE!
,,#VALUE!
,,#VALUE!
,,#VALUE!
,,#VALUE!
,,#VALUE!
,,#VALUE!
,,#VALUE!
,,#VALUE!
,,#VALUE!
,,#VALUE!
,,#VALUE!
,,#VALUE!
,,#VALUE!
,,#VALUE!
,,#VALUE!
,,#VALUE!
,,#VALUE!
,,#VALUE!
,,#VALUE!
,,#VALUE!
,,#VALUE!
,,#VALUE!
,,#VALUE!
,,#VALUE!
,,#VALUE!
,,#VALUE!
,,#VALUE!
,,#VALUE!
,,#VALUE!
,,#VALUE!
,,#VALUE!
,,#VALUE!
,,#VALUE!
,,#VALUE!
,,#VALUE!
,,#VALUE!
,,#VALUE!
,,#VALUE!
,,#VALUE!
,,#VALUE!
,,#VALUE!
,,#VALUE!
,,#VALUE!
,,#VALUE!
,,#VALUE!
,,#VALUE!
,,#VALUE!
,,#VALUE!
,,#VALUE!
,,#VALUE!
,,#VALUE!
,,#VALUE!
,,#VALUE!
,,#VALUE!
,,#VALUE!
,,#VALUE!
,,#VALUE!
,,#VALUE!
,,#VALUE!
,,#VALUE!
,,#VALUE!
,,#VALUE!
,,#VALUE!
,,#VALUE!
,,#VALUE!
,,#VALUE!
,,#VALUE!
,,#VALUE!
,,#VALUE!
,,#VALUE!
,,#VALUE!
,,#VALUE!
,,#VALUE!
,,#VALUE!
,,#VALUE!
,,#VALUE!
,,#VALUE!
,,#VALUE!
,,#VALUE!
,,#VALUE!
,,#VALUE!
,,#VALUE!
,,#VALUE!
,,#VALUE!
,,#VALUE!
,,#VALUE!
,,#VALUE!
,,#VALUE!
,,#VALUE!
,,#VALUE!
,,#VALUE!
,,#VALUE!
,,#VALUE!
,,#VALUE!
,,#VALUE!
,,#VALUE!
,,#VALUE!
,,#VALUE!
,,#VALUE!
,,#VALUE!
,,#VALUE!
,,#VALUE!
,,#VALUE!
,,#VALUE!
,,#VALUE!
,,#VALUE!
,,#VALUE!
,,#VALUE!
,,#VALUE!
,,#VALUE!
,,#VALUE!
,,#VALUE!
,,#VALUE!
,,#VALUE!
,,#VALUE!
,,#VALUE!
,,#VALUE!
,,#VALUE!
,,#VALUE!
,,#VALUE!
,,#VALUE!
,,#VALUE!
,,#VALUE!
,,#VALUE!
,,#VALUE!
,,#VALUE!
,,#VALUE!
,,#VALUE!
,,#VALUE!
,,#VALUE!
,,#VALUE!
,,#VALUE!
,,#VALUE!
,,#VALUE!
,,#VALUE!
,,#VALUE!
,,#VALUE!
,,#VALUE!
,,#VALUE!
,,#VALUE!
,,#VALUE!
,,#VALUE!
,,#VALUE!
,,#VALUE!
,,#VALUE!
,,#VALUE!
,,#VALUE!
,,#VALUE!
,,#VALUE!
,,#VALUE!
,,#VALUE!
,,#VALUE!
,,#VALUE!
,,#VALUE!
,,#VALUE!
,,#VALUE!
,,#VALUE!
,,#VALUE!
,,#VALUE!
,,#VALUE!
,,#VALUE!
,,#VALUE!
,,#VALUE!
,,#VALUE!
,,#VALUE!
,,#VALUE!
,,#VALUE!
,,#VALUE!
,,#VALUE!
,,#VALUE!
,,#VALUE!
,,#VALUE!
,,#VALUE!
,,#VALUE!
,,#VALUE!
,,#VALUE!
,,#VALUE!
,,#VALUE!
,,#VALUE!
,,#VALUE!
,,#VALUE!
,,#VALUE!
,,#VALUE!
,,#VALUE!
,,#VALUE!
,,#VALUE!
,,#VALUE!
,,#VALUE!
,,#VALUE!
,,#VALUE!
,,#VALUE!
,,#VALUE!
,,#VALUE!
,,#VALUE!
,,#VALUE!
,,#VALUE!
,,#VALUE!
,,#VALUE!
,,#VALUE!
,,#VALUE!
,,#VALUE!
,,#VALUE!
,,#VALUE!
,,#VALUE!
,,#VALUE!
,,#VALUE!
,,#VALUE!
,,#VALUE!
,,#VALUE!
,,#VALUE!
,,#VALUE!
,,#VALUE!
,,#VALUE!
,,#VALUE!
,,#VALUE!
,,#VALUE!
,,#VALUE!
,,#VALUE!
,,#VALUE!
,,#VALUE!
,,#VALUE!
,,#VALUE!
,,#VALUE!
,,#VALUE!
,,#VALUE!
,,#VALUE!
,,#VALUE!
,,#VALUE!
,,#VALUE!
,,#VALUE!
,,#VALUE!
,,#VALUE!
,,#VALUE!
,,#VALUE!
,,#VALUE!
,,#VALUE!
,,#VALUE!
,,#VALUE!
,,#VALUE!
,,#VALUE!
,,#VALUE!
,,#VALUE!
,,#VALUE!
,,#VALUE!
,,#VALUE!
,,#VALUE!
,,#VALUE!
,,#VALUE!
,,#VALUE!
,,#VALUE!
,,#VALUE!
,,#VALUE!
,,#VALUE!
,,#VALUE!
,,#VALUE!
,,#VALUE!
,,#VALUE!
,,#VALUE!
,,#VALUE!
,,#VALUE!
,,#VALUE!
,,#VALUE!
,,#VALUE!
,,#VALUE!
,,#VALUE!
,,#VALUE!
,,#VALUE!
,,#VALUE!
,,#VALUE!
,,#VALUE!
,,#VALUE!
,,#VALUE!
,,#VALUE!
,,#VALUE!
,,#VALUE!
,,#VALUE!
,,#VALUE!
,,#VALUE!
,,#VALUE!
,,#VALUE!
,,#VALUE!
,,#VALUE!
,,#VALUE!
,,#VALUE!
,,#VALUE!
,,#VALUE!
,,#VALUE!
,,#VALUE!
,,#VALUE!
,,#VALUE!
,,#VALUE!
,,#VALUE!
,,#VALUE!
,,#VALUE!
,,#VALUE!
,,#VALUE!
,,#VALUE!
,,#VALUE!
,,#VALUE!
,,#VALUE!
,,#VALUE!
,,#VALUE!
,,#VALUE!
,,#VALUE!
,,#VALUE!
,,#VALUE!
,,#VALUE!
,,#VALUE!
,,#VALUE!
,,#VALUE!
,,#VALUE!
,,#VALUE!
,,#VALUE!
,,#VALUE!
,,#VALUE!
,,#VALUE!
,,#VALUE!
,,#VALUE!
,,#VALUE!
,,#VALUE!
,,#VALUE!
,,#VALUE!
,,#VALUE!
,,#VALUE!
,,#VALUE!
,,#VALUE!
,,#VALUE!
,,#VALUE!
,,#VALUE!
,,#VALUE!
,,#VALUE!
,,#VALUE!
,,#VALUE!
,,#VALUE!
,,#VALUE!
,,#VALUE!
,,#VALUE!
,,#VALUE!
,,#VALUE!
,,#VALUE!
,,#VALUE!
,,#VALUE!
,,#VALUE!
,,#VALUE!
,,#VALUE!
,,#VALUE!
,,#VALUE!
,,#VALUE!
,,#VALUE!
,,#VALUE!
,,#VALUE!
,,#VALUE!
,,#VALUE!
,,#VALUE!
,,#VALUE!
,,#VALUE!
,,#VALUE!
,,#VALUE!
,,#VALUE!
,,#VALUE!
,,#VALUE!
,,#VALUE!
,,#VALUE!
,,#VALUE!
,,#VALUE!
,,#VALUE!
,,#VALUE!
,,#VALUE!
,,#VALUE!
,,#VALUE!
,,#VALUE!
,,#VALUE!
,,#VALUE!
,,#VALUE!
,,#VALUE!
,,#VALUE!
,,#VALUE!
,,#VALUE!
,,#VALUE!
,,#VALUE!
,,#VALUE!
,,#VALUE!
,,#VALUE!
,,#VALUE!
,,#VALUE!
,,#VALUE!
,,#VALUE!
,,#VALUE!
,,#VALUE!
,,#VALUE!
,,#VALUE!
,,#VALUE!
,,#VALUE!
,,#VALUE!
,,#VALUE!
,,#VALUE!
,,#VALUE!
,,#VALUE!
,,#VALUE!
,,#VALUE!
,,#VALUE!
,,#VALUE!
,,#VALUE!
,,#VALUE!
,,#VALUE!
,,#VALUE!
,,#VALUE!
,,#VALUE!
,,#VALUE!
,,#VALUE!
,,#VALUE!
,,#VALUE!
,,#VALUE!
,,#VALUE!
,,#VALUE!
,,#VALUE!
,,#VALUE!
,,#VALUE!
,,#VALUE!
,,#VALUE!
,,#VALUE!
,,#VALUE!
,,#VALUE!
,,#VALUE!
,,#VALUE!
,,#VALUE!
,,#VALUE!
,,#VALUE!
,,#VALUE!
,,#VALUE!
,,#VALUE!
,,#VALUE!
,,#VALUE!
,,#VALUE!
,,#VALUE!
,,#VALUE!
,,#VALUE!
,,#VALUE!
,,#VALUE!
,,#VALUE!
,,#VALUE!
,,#VALUE!
,,#VALUE!
,,#VALUE!
,,#VALUE!
,,#VALUE!
,,#VALUE!
,,#VALUE!
,,#VALUE!
,,#VALUE!
,,#VALUE!
,,#VALUE!
,,#VALUE!
,,#VALUE!
,,#VALUE!
,,#VALUE!
,,#VALUE!
,,#VALUE!
,,#VALUE!
,,#VALUE!
,,#VALUE!
,,#VALUE!
,,#VALUE!
,,#VALUE!
,,#VALUE!
,,#VALUE!
,,#VALUE!
,,#VALUE!
,,#VALUE!
,,#VALUE!
,,#VALUE!
,,#VALUE!
,,#VALUE!
,,#VALUE!
,,#VALUE!
,,#VALUE!
,,#VALUE!
,,#VALUE!
,,#VALUE!
,,#VALUE!
,,#VALUE!
,,#VALUE!
,,#VALUE!
,,#VALUE!
,,#VALUE!
,,#VALUE!
,,#VALUE!